Address,Signal Strength
98:22:ef:c6:1a:e7,-98
98:22:ef:c6:1a:e7,-98
dc:53:60:9e:76:e0,-98
dc:53:60:9e:76:e0,-98
e8:2a:ea:49:83:1a,-98
e8:2a:ea:49:83:1a,-98
aa:f3:fd:89:f6:77,-98
48:f1:7f:64:69:9b,-74
48:f1:7f:64:69:9b,-74
48:f1:7f:64:69:9b,-74
98:22:ef:ec:d8:87,-74
98:22:ef:ec:d8:87,-74
96:24:b7:10:11:d3,-98
98:22:ef:ec:d8:87,-98
98:22:ef:ec:d8:87,-80
98:22:ef:ec:d8:87,-98
98:22:ef:ec:d8:87,-74
98:22:ef:ec:d8:87,-98
b8:f1:2a:47:39:0a,-98
3e:01:39:65:69:8a,-98
da:a1:19:16:8c:5e,-98
da:a1:19:16:8c:5e,-98
da:a1:19:36:47:04,-98
00:28:f8:3f:cc:8a,-50
00:28:f8:3f:cc:8a,-56
00:28:f8:3f:cc:8a,-48
00:28:f8:3f:cc:8a,-56
b2:89:89:ff:13:03,-98
b8:f1:2a:47:39:0a,-98
98:22:ef:c6:1a:e7,-98
98:22:ef:c6:1a:e7,-98
48:f1:7f:64:69:9b,-76
e8:2a:ea:49:83:1a,-80
48:f1:7f:64:69:9b,-80
48:f1:7f:64:69:9b,-74
48:f1:7f:64:69:9b,-74
48:f1:7f:64:69:9b,-78
dc:53:60:9e:76:e0,-94
dc:53:60:9e:76:e0,-74
dc:53:60:9e:76:e0,-72
dc:53:60:9e:76:e0,-74
dc:53:60:9e:76:e0,-98
e6:47:6a:58:b5:f8,-98
3a:07:53:15:33:ae,-98
3a:07:53:15:33:ae,-98
00:28:f8:3f:cc:8a,-50
02:c9:41:a5:b4:d0,-98
02:c9:41:a5:b4:d0,-98
02:c9:41:a5:b4:d0,-98
00:28:f8:3f:cc:8a,-50
00:28:f8:3f:cc:8a,-48
00:28:f8:3f:cc:8a,-62
34:02:86:ee:71:59,-98
34:02:86:ee:71:59,-98
34:02:86:ee:71:59,-98
34:02:86:ee:71:59,-98
b8:f1:2a:47:39:0a,-98
b8:f1:2a:47:39:0a,-78
98:22:ef:ec:d8:87,-90
40:83:1d:10:08:80,-98
40:83:1d:10:08:80,-62
40:83:1d:10:08:80,-56
40:83:1d:10:08:80,-50
40:83:1d:10:08:80,-50
40:83:1d:10:08:80,-44
40:83:1d:10:08:80,-44
40:83:1d:10:08:80,-38
40:83:1d:10:08:80,-50
40:83:1d:10:08:80,-44
6e:99:2d:8a:87:e6,-74
6e:99:2d:8a:87:e6,-74
6e:99:2d:8a:87:e6,-70
6e:99:2d:8a:87:e6,-72
6e:99:2d:8a:87:e6,-72
6e:99:2d:8a:87:e6,-72
76:ff:e1:e2:b3:08,-72
76:ff:e1:e2:b3:08,-72
98:22:ef:c6:1a:e7,-98
6e:5c:4f:ff:e1:e2,-82
6e:5c:4f:ff:e1:e2,-98
6e:5c:4f:ff:e1:e2,-74
6e:5c:4f:ff:e1:e2,-74
6e:5c:4f:ff:e1:e2,-74
6e:5c:4f:ff:e1:e2,-74
6e:5c:4f:ff:e1:e2,-98
48:f1:7f:64:69:9b,-86
e8:2a:ea:49:83:1a,-86
48:f1:7f:64:69:9b,-98
48:f1:7f:64:69:9b,-98
98:22:ef:c6:1a:e7,-98
98:22:ef:c6:1a:e7,-98
dc:53:60:9e:76:e0,-70
dc:53:60:9e:76:e0,-72
dc:53:60:9e:76:e0,-74
60:36:dd:96:86:8d,-96
60:36:dd:96:86:8d,-74
aa:74:aa:d7:14:da,-98
24:18:1d:4a:34:9c,-74
24:18:1d:4a:34:9c,-74
24:18:1d:4a:34:9c,-74
16:cf:2f:5f:88:40,-94
16:cf:2f:5f:88:40,-74
16:cf:2f:5f:88:40,-74
16:cf:2f:5f:88:40,-94
58:fb:84:59:a7:18,-98
ee:4c:83:1c:5d:ec,-98
3e:5e:94:3d:11:7f,-98
00:28:f8:3f:cc:8a,-50
00:28:f8:3f:cc:8a,-56
24:41:8c:76:0a:6b,-90
a2:a1:41:a3:71:16,-98
ce:28:52:93:7e:53,-98
ce:28:52:93:7e:53,-98
82:c0:12:66:34:d4,-80
be:23:2c:be:e8:91,-74
be:23:2c:be:e8:91,-74
be:23:2c:be:e8:91,-74
be:23:2c:be:e8:91,-84
7e:a6:02:87:b1:b7,-98
7e:a6:02:87:b1:b7,-78
7e:a6:02:87:b1:b7,-98
9e:a3:19:c8:3b:56,-98
da:ce:fd:c0:0e:d0,-98
dc:53:60:9e:76:e0,-96
dc:53:60:9e:76:e0,-74
dc:53:60:9e:76:e0,-72
e8:2a:ea:49:83:1a,-74
e8:2a:ea:49:83:1a,-74
e8:2a:ea:49:83:1a,-74
48:f1:7f:64:69:9b,-74
5a:a7:59:69:b3:b8,-98
48:f1:7f:64:69:9b,-74
48:f1:7f:64:69:9b,-72
48:f1:7f:64:69:9b,-72
48:f1:7f:64:69:9b,-78
98:22:ef:c6:1a:e7,-98
98:22:ef:c6:1a:e7,-98
98:22:ef:c6:1a:e7,-98
98:22:ef:c6:1a:e7,-98
00:28:f8:3f:cc:8a,-44
00:28:f8:3f:cc:8a,-50
00:28:f8:3f:cc:8a,-44
00:28:f8:3f:cc:8a,-40
00:28:f8:3f:cc:8a,-50
12:e4:8f:39:ce:22,-86
12:e4:8f:39:ce:22,-74
96:a9:1c:9a:20:41,-98
12:e4:8f:39:ce:22,-74
12:e4:8f:39:ce:22,-74
12:e4:8f:39:ce:22,-74
12:e4:8f:39:ce:22,-86
12:e4:8f:39:ce:22,-76
22:3e:6b:f4:15:03,-98
12:e4:8f:39:ce:22,-74
12:e4:8f:39:ce:22,-68
12:e4:8f:39:ce:22,-68
12:e4:8f:39:ce:22,-72
12:e4:8f:39:ce:22,-74
12:e4:8f:39:ce:22,-74
dc:53:60:9e:76:e0,-70
dc:53:60:9e:76:e0,-74
e8:2a:ea:49:83:1a,-98
e8:2a:ea:49:83:1a,-88
e8:2a:ea:49:83:1a,-84
48:f1:7f:64:69:9b,-74
48:f1:7f:64:69:9b,-98
48:f1:7f:64:69:9b,-98
48:f1:7f:64:69:9b,-74
48:f1:7f:64:69:9b,-98
98:22:ef:c6:1a:e7,-98
00:28:f8:3f:cc:8a,-50
00:28:f8:3f:cc:8a,-62
00:28:f8:3f:cc:8a,-50
00:28:f8:3f:cc:8a,-62
da:a1:19:7c:22:2b,-98
b4:6b:fc:02:77:e0,-98
a2:c2:32:14:d4:b2,-98
a2:c2:32:14:d4:b2,-98
a2:c2:32:14:d4:b2,-98
30:74:96:e2:25:01,-74
30:74:96:e2:25:01,-74
30:74:96:e2:25:01,-62
30:74:96:e2:25:01,-60
dc:53:60:9e:76:e0,-98
30:74:96:e2:25:01,-34
30:74:96:e2:25:01,-34
30:74:96:e2:25:01,-28
30:74:96:e2:25:01,-28
30:74:96:e2:25:01,-28
30:74:96:e2:25:01,-28
30:74:96:e2:25:01,-34
30:74:96:e2:25:01,-34
30:74:96:e2:25:01,-40
e8:2a:ea:49:83:1a,-98
e8:2a:ea:49:83:1a,-74
e8:2a:ea:49:83:1a,-74
48:f1:7f:64:69:9b,-74
48:f1:7f:64:69:9b,-94
48:f1:7f:64:69:9b,-74
48:f1:7f:64:69:9b,-72
48:f1:7f:64:69:9b,-74
00:28:f8:3f:cc:8a,-44
98:22:ef:c6:1a:e7,-98
98:22:ef:c6:1a:e7,-98
00:28:f8:3f:cc:8a,-50
00:28:f8:3f:cc:8a,-44
00:28:f8:3f:cc:8a,-44
00:28:f8:3f:cc:8a,-56
1a:92:64:27:d4:3b,-98
1a:92:64:27:d4:3b,-98
f2:80:ba:00:8a:86,-98
26:c0:b6:38:f7:67,-98
ea:41:06:b3:b1:a8,-98
ea:41:06:b3:b1:a8,-98
ea:41:06:b3:b1:a8,-98
ea:41:06:b3:b1:a8,-98
de:aa:5a:b3:52:38,-98
de:aa:5a:b3:52:38,-98
de:aa:5a:b3:52:38,-98
e8:2a:ea:49:83:1a,-74
e8:2a:ea:49:83:1a,-74
dc:53:60:9e:76:e0,-98
dc:53:60:9e:76:e0,-98
dc:53:60:9e:76:e0,-74
96:b3:17:6e:fa:ad,-98
96:b3:17:6e:fa:ad,-74
dc:53:60:9e:76:e0,-96
96:b3:17:6e:fa:ad,-74
96:b3:17:6e:fa:ad,-74
4a:1b:87:ff:ad:e6,-98
4a:1b:87:ff:ad:e6,-80
4a:1b:87:ff:ad:e6,-74
4a:1b:87:ff:ad:e6,-74
4a:1b:87:ff:ad:e6,-76
ee:c5:9e:d4:fe:0e,-98
4a:1b:87:ff:ad:e6,-84
4a:1b:87:ff:ad:e6,-98
00:28:f8:3f:cc:8a,-56
00:28:f8:3f:cc:8a,-48
00:28:f8:3f:cc:8a,-50
00:28:f8:3f:cc:8a,-68
0a:58:c7:47:ed:5f,-88
0a:58:c7:47:ed:5f,-98
0a:58:c7:47:ed:5f,-74
0a:58:c7:47:ed:5f,-88
0a:58:c7:47:ed:5f,-74
0a:58:c7:47:ed:5f,-96
44:18:fd:73:cd:5c,-98
44:18:fd:73:cd:5c,-98
44:18:fd:73:cd:5c,-96
76:e9:79:7f:e4:9e,-98
3c:2e:ff:aa:9b:cb,-80
3c:2e:ff:aa:9b:cb,-76
3c:2e:ff:aa:9b:cb,-74
3c:2e:ff:aa:9b:cb,-74
3c:2e:ff:aa:9b:cb,-74
3c:2e:ff:aa:9b:cb,-72
98:22:ef:c6:1a:e7,-98
98:22:ef:c6:1a:e7,-98
98:22:ef:c6:1a:e7,-98
d4:d2:52:e8:07:88,-56
22:b5:49:c0:75:26,-98
22:b5:49:c0:75:26,-98
d4:d2:52:e8:07:88,-68
d4:d2:52:e8:07:88,-56
d4:d2:52:e8:07:88,-62
6a:fa:62:cb:4a:38,-82
6a:fa:62:cb:4a:38,-74
6a:fa:62:cb:4a:38,-74
6a:fa:62:cb:4a:38,-72
6a:fa:62:cb:4a:38,-74
96:c3:cb:fc:87:97,-98
dc:53:60:9e:76:e0,-74
dc:53:60:9e:76:e0,-68
dc:53:60:9e:76:e0,-72
e8:2a:ea:49:83:1a,-78
e8:2a:ea:49:83:1a,-74
e8:2a:ea:49:83:1a,-74
58:fb:84:59:a7:18,-98
da:a1:19:d4:c5:09,-72
da:a1:19:d4:c5:09,-74
da:a1:19:d4:c5:09,-98
da:a1:19:d4:c5:09,-74
da:a1:19:d4:c5:09,-96
26:eb:bd:52:a7:54,-98
b8:7b:c5:7a:fd:47,-98
00:28:f8:3f:cc:8a,-50
b8:7b:c5:7a:fd:47,-98
00:28:f8:3f:cc:8a,-42
00:28:f8:3f:cc:8a,-38
00:28:f8:3f:cc:8a,-50
58:fb:84:59:a7:18,-96
60:36:dd:96:86:8d,-96
48:f1:7f:64:69:9b,-74
48:f1:7f:64:69:9b,-74
48:f1:7f:64:69:9b,-74
12:54:4a:1b:16:f3,-94
12:54:4a:1b:16:f3,-88
f2:58:0c:cd:a1:52,-98
f2:58:0c:cd:a1:52,-74
fe:fd:7a:7f:53:95,-98
fe:fd:7a:7f:53:95,-88
fe:fd:7a:7f:53:95,-74
fe:fd:7a:7f:53:95,-88
ce:22:4b:31:e3:82,-98
ce:22:4b:31:e3:82,-98
98:22:ef:c6:1a:e7,-98
98:22:ef:c6:1a:e7,-98
24:41:8c:76:0a:6b,-98
24:41:8c:76:0a:6b,-98
26:df:f6:df:37:9b,-98
e6:dd:bb:6a:11:f5,-98
dc:53:60:9e:76:e0,-80
e6:dd:bb:6a:11:f5,-96
dc:53:60:9e:76:e0,-74
e6:dd:bb:6a:11:f5,-98
e6:dd:bb:6a:11:f5,-74
dc:53:60:9e:76:e0,-74
dc:53:60:9e:76:e0,-98
e6:dd:bb:6a:11:f5,-96
26:df:f6:df:37:9b,-72
26:df:f6:df:37:9b,-74
26:df:f6:df:37:9b,-74
e8:2a:ea:49:83:1a,-98
e8:2a:ea:49:83:1a,-98
d6:c7:c1:52:f2:6d,-82
d6:c7:c1:52:f2:6d,-76
d6:c7:c1:52:f2:6d,-98
d6:c7:c1:52:f2:6d,-98
d6:c7:c1:52:f2:6d,-90
d6:c7:c1:52:f2:6d,-74
d6:c7:c1:52:f2:6d,-74
d6:c7:c1:52:f2:6d,-74
d6:c7:c1:52:f2:6d,-74
d6:c7:c1:52:f2:6d,-74
d6:c7:c1:52:f2:6d,-72
d6:c7:c1:52:f2:6d,-72
d6:c7:c1:52:f2:6d,-74
d6:c7:c1:52:f2:6d,-74
d6:c7:c1:52:f2:6d,-74
d6:c7:c1:52:f2:6d,-74
00:28:f8:3f:cc:8a,-50
00:28:f8:3f:cc:8a,-58
00:28:f8:3f:cc:8a,-50
00:28:f8:3f:cc:8a,-48
00:28:f8:3f:cc:8a,-56
9a:25:a9:ae:37:33,-98
9a:25:a9:ae:37:33,-96
9a:25:a9:ae:37:33,-98
48:f1:7f:64:69:9b,-74
48:f1:7f:64:69:9b,-96
48:f1:7f:64:69:9b,-74
48:f1:7f:64:69:9b,-74
3c:2e:ff:aa:9b:cb,-98
b8:f1:2a:47:39:0a,-98
b8:f1:2a:47:39:0a,-98
40:83:1d:10:08:80,-56
40:83:1d:10:08:80,-50
40:83:1d:10:08:80,-44
40:83:1d:10:08:80,-48
40:83:1d:10:08:80,-40
fe:4a:52:43:80:0e,-98
fe:4a:52:43:80:0e,-98
40:83:1d:10:08:80,-44
40:83:1d:10:08:80,-38
40:83:1d:10:08:80,-50
40:83:1d:10:08:80,-44
72:f5:44:f7:2c:ce,-98
72:f5:44:f7:2c:ce,-98
98:22:ef:c6:1a:e7,-98
98:22:ef:c6:1a:e7,-98
98:22:ef:c6:1a:e7,-98
98:22:ef:c6:1a:e7,-98
e6:dd:bb:6a:11:f5,-98
e6:dd:bb:6a:11:f5,-98
e6:dd:bb:6a:11:f5,-98
e6:dd:bb:6a:11:f5,-98
dc:53:60:9e:76:e0,-98
dc:53:60:9e:76:e0,-74
20:3c:ae:d0:c9:2c,-98
20:3c:ae:d0:c9:2c,-96
20:3c:ae:d0:c9:2c,-98
dc:53:60:9e:76:e0,-98
7a:d5:3f:40:23:30,-98
7a:d5:3f:40:23:30,-98
e8:2a:ea:49:83:1a,-98
e8:2a:ea:49:83:1a,-74
e8:2a:ea:49:83:1a,-72
e8:2a:ea:49:83:1a,-74
00:28:f8:3f:cc:8a,-44
00:e1:8c:bc:85:db,-98
00:e1:8c:bc:85:db,-98
00:e1:8c:bc:85:db,-98
00:28:f8:3f:cc:8a,-44
00:28:f8:3f:cc:8a,-40
00:28:f8:3f:cc:8a,-54
da:a1:19:99:a5:32,-98
28:b2:bd:a8:37:de,-88
28:b2:bd:a8:37:de,-86
da:a1:19:99:a5:32,-74
da:a1:19:99:a5:32,-74
da:a1:19:99:a5:32,-84
da:a1:19:99:a5:32,-80
da:a1:19:99:a5:32,-74
da:a1:19:99:a5:32,-98
da:a1:19:99:a5:32,-84
66:e9:ed:d3:0c:5e,-98
66:e9:ed:d3:0c:5e,-98
48:f1:7f:64:69:9b,-68
48:f1:7f:64:69:9b,-72
48:f1:7f:64:69:9b,-74
2a:df:15:72:8b:e4,-80
2a:df:15:72:8b:e4,-98
76:55:10:da:01:8a,-98
28:b2:bd:a8:37:de,-98
7a:45:48:d3:52:cb,-98
c0:e8:62:18:b8:ac,-98
98:22:ef:c6:1a:e7,-98
98:22:ef:c6:1a:e7,-98
f8:28:19:c6:0f:a1,-96
f8:28:19:c6:0f:a1,-98
dc:53:60:9e:76:e0,-74
dc:53:60:9e:76:e0,-74
dc:53:60:9e:76:e0,-74
96:3c:69:eb:69:de,-90
96:3c:69:eb:69:de,-76
96:3c:69:eb:69:de,-68
e8:2a:ea:49:83:1a,-90
96:3c:69:eb:69:de,-72
96:3c:69:eb:69:de,-74
96:3c:69:eb:69:de,-70
96:3c:69:eb:69:de,-74
00:28:f8:3f:cc:8a,-98
96:3c:69:eb:69:de,-74
00:28:f8:3f:cc:8a,-44
00:28:f8:3f:cc:8a,-98
00:28:f8:3f:cc:8a,-50
00:28:f8:3f:cc:8a,-48
00:28:f8:3f:cc:8a,-56
fa:dc:ac:a7:a7:53,-98
fa:dc:ac:a7:a7:53,-98
fa:dc:ac:a7:a7:53,-74
fa:dc:ac:a7:a7:53,-74
fa:dc:ac:a7:a7:53,-74
fa:dc:ac:a7:a7:53,-74
fa:dc:ac:a7:a7:53,-74
fa:dc:ac:a7:a7:53,-74
fa:dc:ac:a7:a7:53,-84
fa:dc:ac:a7:a7:53,-74
fa:dc:ac:a7:a7:53,-82
fa:dc:ac:a7:a7:53,-88
fa:dc:ac:a7:a7:53,-98
fa:dc:ac:a7:a7:53,-74
be:82:df:9a:6d:4a,-98
be:82:df:9a:6d:4a,-90
be:82:df:9a:6d:4a,-80
be:82:df:9a:6d:4a,-82
be:82:df:9a:6d:4a,-94
48:f1:7f:64:69:9b,-74
48:f1:7f:64:69:9b,-74
48:f1:7f:64:69:9b,-74
4e:27:25:af:74:8d,-74
4e:27:25:af:74:8d,-68
4e:27:25:af:74:8d,-72
4e:27:25:af:74:8d,-72
4e:27:25:af:74:8d,-72
4e:27:25:af:74:8d,-98
4e:27:25:af:74:8d,-98
a4:c4:94:40:a8:e4,-98
a4:c4:94:40:a8:e4,-98
98:22:ef:c6:1a:e7,-98
dc:53:60:9e:76:e0,-98
dc:53:60:9e:76:e0,-88
98:22:ef:c6:1a:e7,-98
dc:53:60:9e:76:e0,-74
98:22:ef:c6:1a:e7,-98
00:28:f8:3f:cc:8a,-44
dc:53:60:9e:76:e0,-74
00:28:f8:3f:cc:8a,-56
dc:53:60:9e:76:e0,-98
00:28:f8:3f:cc:8a,-44
94:b8:6d:37:11:58,-98
94:b8:6d:37:11:58,-98
e8:2a:ea:49:83:1a,-74
e8:2a:ea:49:83:1a,-74
48:f1:7f:64:69:9b,-74
48:f1:7f:64:69:9b,-72
48:f1:7f:64:69:9b,-74
4a:d3:f4:f8:34:1d,-98
da:a1:19:59:60:75,-98
da:a1:19:59:60:75,-98
24:18:1d:4a:34:9c,-88
da:a1:19:59:60:75,-90
24:18:1d:4a:34:9c,-82
da:a1:19:59:60:75,-74
00:28:f8:3f:cc:8a,-44
00:28:f8:3f:cc:8a,-98
00:28:f8:3f:cc:8a,-50
00:28:f8:3f:cc:8a,-44
00:28:f8:3f:cc:8a,-40
00:28:f8:3f:cc:8a,-50
58:fb:84:59:a7:18,-98
dc:53:60:9e:76:e0,-82
dc:53:60:9e:76:e0,-74
dc:53:60:9e:76:e0,-74
dc:53:60:9e:76:e0,-98
58:fb:84:59:a7:18,-98
e8:2a:ea:49:83:1a,-98
e8:2a:ea:49:83:1a,-98
e8:2a:ea:49:83:1a,-98
98:22:ef:c6:1a:e7,-98
98:22:ef:c6:1a:e7,-98
98:22:ef:c6:1a:e7,-98
40:83:1d:10:08:80,-62
40:83:1d:10:08:80,-56
40:83:1d:10:08:80,-50
40:83:1d:10:08:80,-48
40:83:1d:10:08:80,-50
40:83:1d:10:08:80,-56
4a:ed:73:98:3b:e4,-98
aa:f9:88:b2:f0:b6,-98
aa:f9:88:b2:f0:b6,-82
2a:85:2c:6d:0c:06,-98
2a:85:2c:6d:0c:06,-98
60:36:dd:96:86:8d,-98
60:36:dd:96:86:8d,-98
60:36:dd:96:86:8d,-98
60:36:dd:96:86:8d,-98
48:f1:7f:64:69:9b,-72
74:b5:87:28:22:0a,-98
74:b5:87:28:22:0a,-98
74:b5:87:28:22:0a,-98
00:28:f8:2d:86:bf,-98
00:28:f8:3f:cc:8a,-44
00:28:f8:2d:86:bf,-74
00:28:f8:3f:cc:8a,-50
00:28:f8:3f:cc:8a,-44
00:28:f8:3f:cc:8a,-40
00:28:f8:3f:cc:8a,-56
e8:2a:ea:49:83:1a,-74
e8:2a:ea:49:83:1a,-74
5a:3e:3d:b8:f0:51,-98
98:22:ef:c6:1a:e7,-98
98:22:ef:c6:1a:e7,-98
98:22:ef:c6:1a:e7,-98
98:22:ef:c6:1a:e7,-98
24:41:8c:76:0a:6b,-98
24:41:8c:76:0a:6b,-82
24:41:8c:76:0a:6b,-74
24:18:1d:4a:34:9c,-98
24:18:1d:4a:34:9c,-74
24:18:1d:4a:34:9c,-74
24:18:1d:4a:34:9c,-74
24:18:1d:4a:34:9c,-74
24:18:1d:4a:34:9c,-98
74:70:fd:f6:89:02,-80
74:70:fd:f6:89:02,-98
48:f1:7f:64:69:9b,-74
48:f1:7f:64:69:9b,-74
da:a1:19:e8:14:4b,-74
da:a1:19:e8:14:4b,-74
da:a1:19:e8:14:4b,-96
da:a1:19:e8:14:4b,-92
b6:a3:b1:9b:73:a9,-98
dc:53:60:9e:76:e0,-96
dc:53:60:9e:76:e0,-98
dc:53:60:9e:76:e0,-98
00:28:f8:3f:cc:8a,-50
00:28:f8:3f:cc:8a,-56
00:28:f8:3f:cc:8a,-50
00:28:f8:3f:cc:8a,-44
00:28:f8:3f:cc:8a,-56
72:5f:f0:b6:a3:24,-98
e8:2a:ea:49:83:1a,-90
96:a9:1c:9a:20:41,-98
98:22:ef:c6:1a:e7,-98
98:22:ef:c6:1a:e7,-98
da:a1:19:62:6d:d2,-98
30:74:96:e2:25:01,-74
da:a1:19:62:6d:d2,-98
30:74:96:e2:25:01,-64
30:74:96:e2:25:01,-68
30:74:96:e2:25:01,-62
da:a1:19:62:6d:d2,-98
da:a1:19:62:6d:d2,-98
da:a1:19:62:6d:d2,-98
30:74:96:e2:25:01,-28
30:74:96:e2:25:01,-28
30:74:96:e2:25:01,-22
30:74:96:e2:25:01,-22
30:74:96:e2:25:01,-22
30:74:96:e2:25:01,-22
30:74:96:e2:25:01,-22
30:74:96:e2:25:01,-22
30:74:96:e2:25:01,-28
30:74:96:e2:25:01,-28
06:44:45:d6:cd:2e,-72
28:b2:bd:a8:37:de,-96
06:44:45:d6:cd:2e,-98
42:a8:68:b3:57:e1,-98
42:a8:68:b3:57:e1,-98
48:f1:7f:64:69:9b,-74
48:f1:7f:64:69:9b,-84
24:ee:9a:7f:39:ba,-96
24:ee:9a:7f:39:ba,-74
24:ee:9a:7f:39:ba,-68
24:ee:9a:7f:39:ba,-68
24:ee:9a:7f:39:ba,-74
dc:53:60:9e:76:e0,-98
dc:53:60:9e:76:e0,-96
00:28:f8:3f:cc:8a,-44
00:28:f8:3f:cc:8a,-50
00:28:f8:3f:cc:8a,-40
00:28:f8:3f:cc:8a,-50
a6:db:e1:7d:d3:9c,-98
a6:db:e1:7d:d3:9c,-98
a6:db:e1:7d:d3:9c,-98
a6:db:e1:7d:d3:9c,-98
a6:db:e1:7d:d3:9c,-98
a6:db:e1:7d:d3:9c,-94
a6:db:e1:7d:d3:9c,-90
a6:db:e1:7d:d3:9c,-98
a6:db:e1:7d:d3:9c,-98
86:3a:45:e2:1e:7d,-98
86:3a:45:e2:1e:7d,-98
e8:2a:ea:49:83:1a,-88
e8:2a:ea:49:83:1a,-80
9a:9b:bf:ba:2e:8c,-98
fa:49:4a:e0:b8:16,-82
fa:49:4a:e0:b8:16,-90
fa:49:4a:e0:b8:16,-78
fa:49:4a:e0:b8:16,-94
fa:49:4a:e0:b8:16,-98
d2:00:b4:d5:45:fd,-98
98:22:ef:c6:1a:e7,-98
48:f1:7f:64:69:9b,-74
48:f1:7f:64:69:9b,-98
48:f1:7f:64:69:9b,-74
00:28:f8:3f:cc:8a,-50
00:28:f8:3f:cc:8a,-50
00:28:f8:3f:cc:8a,-68
00:28:f8:3f:cc:8a,-50
da:a1:19:67:3d:a2,-98
dc:53:60:9e:76:e0,-94
dc:53:60:9e:76:e0,-74
16:5d:8f:56:a3:a9,-98
16:5d:8f:56:a3:a9,-98
16:5d:8f:56:a3:a9,-84
16:5d:8f:56:a3:a9,-76
16:5d:8f:56:a3:a9,-98
16:5d:8f:56:a3:a9,-98
16:5d:8f:56:a3:a9,-98
98:22:ef:ec:d8:87,-74
98:22:ef:ec:d8:87,-74
e8:2a:ea:49:83:1a,-98
e8:2a:ea:49:83:1a,-80
98:22:ef:ec:d8:87,-68
98:22:ef:ec:d8:87,-72
98:22:ef:ec:d8:87,-74
98:22:ef:ec:d8:87,-74
98:22:ef:ec:d8:87,-98
1e:35:10:f4:98:3c,-98
56:60:46:d1:ac:3f,-98
56:60:46:d1:ac:3f,-78
56:60:46:d1:ac:3f,-74
56:60:46:d1:ac:3f,-96
56:60:46:d1:ac:3f,-74
98:22:ef:c6:1a:e7,-98
98:22:ef:c6:1a:e7,-98
98:22:ef:c6:1a:e7,-98
00:28:f8:3f:cc:8a,-44
00:28:f8:3f:cc:8a,-50
48:f1:7f:64:69:9b,-98
00:28:f8:3f:cc:8a,-44
48:f1:7f:64:69:9b,-98
00:28:f8:3f:cc:8a,-44
00:28:f8:3f:cc:8a,-56
ae:5f:b9:22:18:ec,-98
ae:5f:b9:22:18:ec,-98
a4:c4:94:40:a8:e4,-98
a4:c4:94:40:a8:e4,-98
dc:53:60:9e:76:e0,-98
da:a1:19:49:e6:27,-90
58:fb:84:59:a7:18,-98
be:d8:fb:db:6a:5c,-98
be:d8:fb:db:6a:5c,-98
5a:d4:79:31:08:21,-82
d6:a0:ba:ff:ae:b4,-88
d6:a0:ba:ff:ae:b4,-88
d6:a0:ba:ff:ae:b4,-88
d6:a0:ba:ff:ae:b4,-92
d6:a0:ba:ff:ae:b4,-90
d6:a0:ba:ff:ae:b4,-98
d6:a0:ba:ff:ae:b4,-96
d6:a0:ba:ff:ae:b4,-98
d6:a0:ba:ff:ae:b4,-96
d6:a0:ba:ff:ae:b4,-88
5a:d4:79:31:08:21,-98
d6:a0:ba:ff:ae:b4,-80
d6:a0:ba:ff:ae:b4,-90
d6:a0:ba:ff:ae:b4,-88
d6:a0:ba:ff:ae:b4,-88
d6:a0:ba:ff:ae:b4,-80
d6:a0:ba:ff:ae:b4,-90
d6:a0:ba:ff:ae:b4,-88
d6:a0:ba:ff:ae:b4,-96
d6:a0:ba:ff:ae:b4,-88
d6:a0:ba:ff:ae:b4,-74
d6:a0:ba:ff:ae:b4,-98
d6:a0:ba:ff:ae:b4,-98
d6:a0:ba:ff:ae:b4,-98
d6:a0:ba:ff:ae:b4,-98
d6:a0:ba:ff:ae:b4,-98
d6:a0:ba:ff:ae:b4,-98
d6:a0:ba:ff:ae:b4,-98
d6:a0:ba:ff:ae:b4,-86
5a:d4:79:31:08:21,-74
d6:a0:ba:ff:ae:b4,-98
5a:d4:79:31:08:21,-74
5a:d4:79:31:08:21,-74
5a:d4:79:31:08:21,-74
5a:d4:79:31:08:21,-98
6a:a8:67:2a:d4:05,-98
86:62:d7:80:db:22,-98
86:62:d7:80:db:22,-74
86:62:d7:80:db:22,-88
e8:2a:ea:49:83:1a,-98
e8:2a:ea:49:83:1a,-80
80:4a:14:ed:7e:e1,-98
80:4a:14:ed:7e:e1,-98
b8:f1:2a:47:39:0a,-98
b8:f1:2a:47:39:0a,-74
60:36:dd:96:86:8d,-98
60:36:dd:96:86:8d,-82
60:36:dd:96:86:8d,-96
60:36:dd:96:86:8d,-90
60:36:dd:96:86:8d,-80
98:22:ef:c6:1a:e7,-98
40:83:1d:10:08:80,-62
40:83:1d:10:08:80,-62
40:83:1d:10:08:80,-56
40:83:1d:10:08:80,-50
40:83:1d:10:08:80,-50
40:83:1d:10:08:80,-50
40:83:1d:10:08:80,-50
40:83:1d:10:08:80,-56
00:28:f8:3f:cc:8a,-50
48:f1:7f:64:69:9b,-74
00:28:f8:3f:cc:8a,-44
48:f1:7f:64:69:9b,-98
48:f1:7f:64:69:9b,-90
48:f1:7f:64:69:9b,-76
48:f1:7f:64:69:9b,-96
dc:53:60:9e:76:e0,-74
dc:53:60:9e:76:e0,-74
dc:53:60:9e:76:e0,-72
dc:53:60:9e:76:e0,-92
b8:7b:c5:7a:fd:47,-98
10:4a:7d:6b:dd:0c,-98
10:4a:7d:6b:dd:0c,-98
fa:81:40:97:7e:59,-98
fa:81:40:97:7e:59,-98
06:44:45:d6:cd:2e,-62
06:44:45:d6:cd:2e,-50
06:44:45:d6:cd:2e,-50
06:44:45:d6:cd:2e,-56
82:3f:d7:cb:18:77,-82
82:3f:d7:cb:18:77,-88
82:3f:d7:cb:18:77,-74
e8:2a:ea:49:83:1a,-98
16:0c:9a:95:d7:18,-98
16:ef:5b:c3:f3:17,-98
da:a1:19:66:ec:d2,-68
da:a1:19:66:ec:d2,-68
da:a1:19:66:ec:d2,-62
da:a1:19:66:ec:d2,-62
da:a1:19:66:ec:d2,-56
da:a1:19:66:ec:d2,-56
da:a1:19:66:ec:d2,-62
da:a1:19:66:ec:d2,-68
da:a1:19:6b:5d:76,-72
da:a1:19:6b:5d:76,-68
da:a1:19:6b:5d:76,-68
da:a1:19:6b:5d:76,-74
da:a1:19:6b:5d:76,-74
52:b0:db:07:ee:c6,-74
52:b0:db:07:ee:c6,-74
00:28:f8:3f:cc:8a,-44
00:28:f8:3f:cc:8a,-44
00:28:f8:3f:cc:8a,-44
00:28:f8:3f:cc:8a,-56
24:41:8c:76:0a:6b,-98
24:41:8c:76:0a:6b,-98
98:22:ef:c6:1a:e7,-98
98:22:ef:c6:1a:e7,-98
48:f1:7f:64:69:9b,-84
48:f1:7f:64:69:9b,-98
2a:fe:22:ae:47:d7,-98
2a:fe:22:ae:47:d7,-98
2a:fe:22:ae:47:d7,-98
2a:fe:22:ae:47:d7,-98
26:9e:8a:a7:5e:f0,-74
e8:2a:ea:49:83:1a,-72
26:9e:8a:a7:5e:f0,-68
28:b2:bd:a8:37:de,-74
26:9e:8a:a7:5e:f0,-68
28:b2:bd:a8:37:de,-74
26:9e:8a:a7:5e:f0,-56
26:9e:8a:a7:5e:f0,-56
26:9e:8a:a7:5e:f0,-62
de:08:fb:70:1e:02,-56
3e:d3:90:9e:d2:e9,-50
3e:d3:90:9e:d2:e9,-50
3e:d3:90:9e:d2:e9,-50
3e:d3:90:9e:d2:e9,-50
3e:d3:90:9e:d2:e9,-50
3e:d3:90:9e:d2:e9,-58
3e:d3:90:9e:d2:e9,-62
da:a1:19:f0:17:83,-96
da:a1:19:f0:17:83,-90
da:a1:19:f0:17:83,-80
da:a1:19:f0:17:83,-98
da:a1:19:f0:17:83,-80
da:a1:19:f0:17:83,-80
da:a1:19:f0:17:83,-98
da:a1:19:f0:17:83,-98
82:3f:d7:cb:18:77,-98
82:3f:d7:cb:18:77,-98
82:3f:d7:cb:18:77,-98
82:3f:d7:cb:18:77,-82
82:3f:d7:cb:18:77,-96
82:3f:d7:cb:18:77,-98
82:3f:d7:cb:18:77,-98
76:5a:71:23:38:48,-90
76:5a:71:23:38:48,-90
76:5a:71:23:38:48,-98
76:5a:71:23:38:48,-98
16:c5:56:85:dc:28,-92
16:c5:56:85:dc:28,-90
16:c5:56:85:dc:28,-84
16:c5:56:85:dc:28,-84
16:c5:56:85:dc:28,-96
16:c5:56:85:dc:28,-98
16:c5:56:85:dc:28,-98
16:c5:56:85:dc:28,-98
16:c5:56:85:dc:28,-98
00:28:f8:3f:cc:8a,-44
00:28:f8:3f:cc:8a,-50
00:28:f8:3f:cc:8a,-44
00:28:f8:3f:cc:8a,-44
00:28:f8:3f:cc:8a,-56
2a:fe:22:ae:47:d7,-98
72:15:4d:8d:ea:5c,-98
72:15:4d:8d:ea:5c,-98
72:15:4d:8d:ea:5c,-78
72:15:4d:8d:ea:5c,-74
72:15:4d:8d:ea:5c,-98
72:15:4d:8d:ea:5c,-82
72:15:4d:8d:ea:5c,-74
72:15:4d:8d:ea:5c,-88
72:15:4d:8d:ea:5c,-82
72:15:4d:8d:ea:5c,-74
72:15:4d:8d:ea:5c,-96
72:15:4d:8d:ea:5c,-90
72:15:4d:8d:ea:5c,-94
72:15:4d:8d:ea:5c,-98
72:15:4d:8d:ea:5c,-98
dc:53:60:9e:76:e0,-68
dc:53:60:9e:76:e0,-72
dc:53:60:9e:76:e0,-98
d4:61:2e:ca:36:12,-98
d4:61:2e:ca:36:12,-82
98:22:ef:c6:1a:e7,-98
98:22:ef:c6:1a:e7,-98
e6:9c:65:17:b3:6b,-98
e6:9c:65:17:b3:6b,-88
e6:9c:65:17:b3:6b,-88
e6:9c:65:17:b3:6b,-74
e6:9c:65:17:b3:6b,-78
e6:9c:65:17:b3:6b,-78
da:a1:19:66:ec:d2,-98
48:f1:7f:64:69:9b,-90
48:f1:7f:64:69:9b,-98
48:f1:7f:64:69:9b,-98
42:b5:8d:b3:73:ce,-80
6e:cf:c2:e9:35:ad,-98
6e:cf:c2:e9:35:ad,-74
42:b5:8d:b3:73:ce,-74
6e:cf:c2:e9:35:ad,-74
42:b5:8d:b3:73:ce,-74
6e:cf:c2:e9:35:ad,-84
6e:cf:c2:e9:35:ad,-86
42:b5:8d:b3:73:ce,-98
da:a1:19:66:ec:d2,-98
da:a1:19:66:ec:d2,-74
da:a1:19:66:ec:d2,-74
da:a1:19:66:ec:d2,-80
88:b4:a6:0c:e4:9f,-98
e8:2a:ea:49:83:1a,-98
e8:2a:ea:49:83:1a,-98
e8:2a:ea:49:83:1a,-74
a0:57:e3:bc:b8:0d,-98
a0:57:e3:bc:b8:0d,-98
a0:57:e3:bc:b8:0d,-98
da:a1:19:e9:73:38,-74
a0:57:e3:bc:b8:0d,-98
da:a1:19:e9:73:38,-74
da:a1:19:e9:73:38,-68
1a:11:58:df:b1:72,-82
da:a1:19:e9:73:38,-68
1a:11:58:df:b1:72,-74
da:a1:19:e9:73:38,-74
da:a1:19:e9:73:38,-68
1a:11:58:df:b1:72,-88
1a:11:58:df:b1:72,-74
da:a1:19:e9:73:38,-68
1a:11:58:df:b1:72,-74
1a:11:58:df:b1:72,-98
da:a1:19:e9:73:38,-74
a8:db:03:17:45:93,-90
5e:06:90:b8:74:de,-96
5e:06:90:b8:74:de,-88
5e:06:90:b8:74:de,-98
5e:06:90:b8:74:de,-98
5e:06:90:b8:74:de,-68
5e:06:90:b8:74:de,-68
5e:06:90:b8:74:de,-74
5e:06:90:b8:74:de,-74
5e:06:90:b8:74:de,-74
5e:06:90:b8:74:de,-74
5e:06:90:b8:74:de,-74
5e:06:90:b8:74:de,-72
5e:06:90:b8:74:de,-74
5e:06:90:b8:74:de,-74
5e:06:90:b8:74:de,-74
5e:06:90:b8:74:de,-96
5e:06:90:b8:74:de,-98
6e:00:ef:7f:c4:ce,-98
6e:00:ef:7f:c4:ce,-74
6e:00:ef:7f:c4:ce,-74
6e:00:ef:7f:c4:ce,-74
6e:00:ef:7f:c4:ce,-74
6e:00:ef:7f:c4:ce,-74
6e:00:ef:7f:c4:ce,-94
06:73:81:f9:a9:b7,-98
06:73:81:f9:a9:b7,-74
06:73:81:f9:a9:b7,-72
06:73:81:f9:a9:b7,-68
06:73:81:f9:a9:b7,-74
06:73:81:f9:a9:b7,-84
00:28:f8:3f:cc:8a,-48
00:28:f8:3f:cc:8a,-44
1a:af:0d:68:e3:51,-90
1a:af:0d:68:e3:51,-74
1a:af:0d:68:e3:51,-74
1a:af:0d:68:e3:51,-74
1a:af:0d:68:e3:51,-98
1a:af:0d:68:e3:51,-96
dc:53:60:9e:76:e0,-74
dc:53:60:9e:76:e0,-72
dc:53:60:9e:76:e0,-72
dc:53:60:9e:76:e0,-74
aa:99:26:fb:22:5c,-74
aa:99:26:fb:22:5c,-74
aa:99:26:fb:22:5c,-96
aa:99:26:fb:22:5c,-82
aa:99:26:fb:22:5c,-68
aa:99:26:fb:22:5c,-68
aa:99:26:fb:22:5c,-74
aa:99:26:fb:22:5c,-74
aa:99:26:fb:22:5c,-74
aa:99:26:fb:22:5c,-70
aa:99:26:fb:22:5c,-72
aa:99:26:fb:22:5c,-74
da:a1:19:66:ec:d2,-86
aa:99:26:fb:22:5c,-72
aa:99:26:fb:22:5c,-74
aa:99:26:fb:22:5c,-72
da:a1:19:66:ec:d2,-74
aa:99:26:fb:22:5c,-74
aa:99:26:fb:22:5c,-74
aa:99:26:fb:22:5c,-80
aa:99:26:fb:22:5c,-84
aa:99:26:fb:22:5c,-96
da:a1:19:66:ec:d2,-96
aa:99:26:fb:22:5c,-98
aa:99:26:fb:22:5c,-98
aa:99:26:fb:22:5c,-98
aa:99:26:fb:22:5c,-98
32:e8:13:1f:ea:a7,-74
32:e8:13:1f:ea:a7,-68
da:a1:19:6b:5d:76,-98
32:e8:13:1f:ea:a7,-68
32:e8:13:1f:ea:a7,-68
32:e8:13:1f:ea:a7,-68
32:e8:13:1f:ea:a7,-74
1e:22:02:a0:90:7b,-98
32:e8:13:1f:ea:a7,-74
1e:22:02:a0:90:7b,-74
1e:22:02:a0:90:7b,-74
1e:22:02:a0:90:7b,-74
1e:22:02:a0:90:7b,-74
1e:22:02:a0:90:7b,-74
1e:22:02:a0:90:7b,-74
7c:76:35:03:76:c7,-98
3e:ec:cc:3b:b3:d6,-98
3e:ec:cc:3b:b3:d6,-94
7a:89:a4:db:26:e2,-74
7a:89:a4:db:26:e2,-84
7a:89:a4:db:26:e2,-98
7a:89:a4:db:26:e2,-74
7a:89:a4:db:26:e2,-98
98:22:ef:c6:1a:e7,-98
98:22:ef:c6:1a:e7,-98
48:f1:7f:64:69:9b,-98
48:f1:7f:64:69:9b,-74
e2:ab:50:aa:d6:14,-80
e2:ab:50:aa:d6:14,-74
e2:ab:50:aa:d6:14,-72
e2:ab:50:aa:d6:14,-94
1e:93:92:a3:a6:b1,-88
1e:93:92:a3:a6:b1,-98
e8:2a:ea:49:83:1a,-90
e8:2a:ea:49:83:1a,-72
9a:7d:3d:d7:51:5c,-62
9a:7d:3d:d7:51:5c,-56
9a:7d:3d:d7:51:5c,-62
00:28:f8:3f:cc:8a,-44
00:28:f8:3f:cc:8a,-44
00:28:f8:3f:cc:8a,-56
c6:98:65:8b:40:4d,-98
1a:a9:02:94:b5:2a,-56
1a:a9:02:94:b5:2a,-56
1a:a9:02:94:b5:2a,-56
1a:a9:02:94:b5:2a,-56
1a:a9:02:94:b5:2a,-50
1a:a9:02:94:b5:2a,-56
1a:a9:02:94:b5:2a,-56
9a:16:a7:8a:91:1c,-56
da:a1:19:66:ec:d2,-72
da:a1:19:66:ec:d2,-98
56:c9:99:c3:1e:14,-56
56:c9:99:c3:1e:14,-56
56:c9:99:c3:1e:14,-56
56:c9:99:c3:1e:14,-62
dc:53:60:9e:76:e0,-74
dc:53:60:9e:76:e0,-76
dc:53:60:9e:76:e0,-98
2a:40:2b:e5:b3:1f,-74
2a:40:2b:e5:b3:1f,-74
58:fb:84:59:a7:18,-98
5a:6f:53:33:8e:9c,-74
5a:6f:53:33:8e:9c,-74
5a:6f:53:33:8e:9c,-74
c2:8d:f0:ba:ae:48,-56
c2:8d:f0:ba:ae:48,-56
9e:c8:bf:2e:6b:af,-98
9e:c8:bf:2e:6b:af,-98
c2:8d:f0:ba:ae:48,-50
da:a1:19:23:7d:2e,-98
c2:8d:f0:ba:ae:48,-56
da:a1:19:23:7d:2e,-98
da:a1:19:23:7d:2e,-98
da:a1:19:23:7d:2e,-98
da:a1:19:23:7d:2e,-98
9a:7d:9e:0d:ea:ad,-98
48:f1:7f:64:69:9b,-74
48:f1:7f:64:69:9b,-74
48:f1:7f:64:69:9b,-82
b2:b6:42:25:ed:36,-74
b2:b6:42:25:ed:36,-74
98:22:ef:c6:1a:e7,-98
98:22:ef:c6:1a:e7,-98
a4:c4:94:40:a8:e4,-98
a4:c4:94:40:a8:e4,-98
96:d2:88:8b:12:7e,-72
da:a1:19:74:2a:f5,-98
96:d2:88:8b:12:7e,-80
da:a1:19:74:2a:f5,-98
da:a1:19:38:e5:39,-98
e8:2a:ea:49:83:1a,-94
78:4f:43:65:dd:bf,-88
78:4f:43:65:dd:bf,-74
78:4f:43:65:dd:bf,-90
78:4f:43:65:dd:bf,-94
26:80:74:d4:12:7f,-98
26:80:74:d4:12:7f,-98
26:80:74:d4:12:7f,-98
26:80:74:d4:12:7f,-74
da:a1:19:58:81:07,-98
36:85:7b:45:bd:29,-50
36:85:7b:45:bd:29,-44
36:85:7b:45:bd:29,-44
36:85:7b:45:bd:29,-44
36:85:7b:45:bd:29,-44
36:85:7b:45:bd:29,-50
5e:6c:7d:c9:69:ae,-82
00:28:f8:3f:cc:8a,-50
00:28:f8:3f:cc:8a,-44
00:28:f8:3f:cc:8a,-44
00:28:f8:3f:cc:8a,-56
1a:46:5b:40:d3:cc,-76
1a:46:5b:40:d3:cc,-98
dc:53:60:9e:76:e0,-90
dc:53:60:9e:76:e0,-74
dc:53:60:9e:76:e0,-90
da:a1:19:66:ec:d2,-74
da:a1:19:66:ec:d2,-74
da:a1:19:66:ec:d2,-68
da:a1:19:66:ec:d2,-72
40:83:1d:10:08:80,-62
da:a1:19:66:ec:d2,-68
40:83:1d:10:08:80,-50
da:a1:19:66:ec:d2,-98
40:83:1d:10:08:80,-56
40:83:1d:10:08:80,-50
74:42:8b:ea:9e:dc,-98
74:42:8b:ea:9e:dc,-98
74:42:8b:ea:9e:dc,-98
92:8b:9d:12:c8:f1,-98
92:8b:9d:12:c8:f1,-98
e4:70:b8:16:bb:88,-98
e4:70:b8:16:bb:88,-98
e4:70:b8:16:bb:88,-98
48:f1:7f:64:69:9b,-98
1a:ff:c5:f9:b6:20,-98
ee:b5:40:6a:d6:96,-98
ee:b5:40:6a:d6:96,-88
ee:b5:40:6a:d6:96,-82
ee:b5:40:6a:d6:96,-96
ee:b5:40:6a:d6:96,-88
ee:79:60:22:a9:35,-98
ee:79:60:22:a9:35,-98
e8:2a:ea:49:83:1a,-74
e8:2a:ea:49:83:1a,-72
e8:2a:ea:49:83:1a,-74
46:62:1f:da:36:c7,-98
48:27:ea:e5:55:23,-68
46:62:1f:da:36:c7,-98
46:62:1f:da:36:c7,-98
98:22:ef:c6:1a:e7,-98
98:22:ef:c6:1a:e7,-98
da:a1:19:6b:5d:76,-74
98:22:ef:c6:1a:e7,-98
da:a1:19:6b:5d:76,-98
da:a1:19:6b:5d:76,-74
da:a1:19:6b:5d:76,-74
da:a1:19:6b:5d:76,-74
da:a1:19:6b:5d:76,-74
da:a1:19:6b:5d:76,-98
9e:2a:bd:10:51:4c,-88
9e:2a:bd:10:51:4c,-88
9e:2a:bd:10:51:4c,-80
48:d7:05:b5:19:8f,-98
48:d7:05:b5:19:8f,-98
00:28:f8:3f:cc:8a,-50
00:28:f8:3f:cc:8a,-44
00:28:f8:3f:cc:8a,-40
32:fd:9e:f4:e8:78,-56
32:fd:9e:f4:e8:78,-56
32:fd:9e:f4:e8:78,-50
32:fd:9e:f4:e8:78,-50
32:fd:9e:f4:e8:78,-56
32:fd:9e:f4:e8:78,-50
32:fd:9e:f4:e8:78,-56
32:fd:9e:f4:e8:78,-56
32:fd:9e:f4:e8:78,-68
32:fd:9e:f4:e8:78,-62
e2:ab:50:aa:d6:14,-84
e2:ab:50:aa:d6:14,-78
e2:ab:50:aa:d6:14,-74
e2:ab:50:aa:d6:14,-74
e2:ab:50:aa:d6:14,-74
e2:ab:50:aa:d6:14,-74
e2:ab:50:aa:d6:14,-74
e2:ab:50:aa:d6:14,-96
e2:ab:50:aa:d6:14,-84
aa:74:aa:d7:14:da,-98
da:a1:19:66:ec:d2,-74
da:a1:19:66:ec:d2,-74
da:a1:19:66:ec:d2,-74
da:a1:19:66:ec:d2,-84
da:a1:19:66:ec:d2,-94
dc:53:60:9e:76:e0,-98
be:d5:42:dc:b0:84,-98
be:d5:42:dc:b0:84,-74
be:d5:42:dc:b0:84,-98
be:d5:42:dc:b0:84,-96
be:d5:42:dc:b0:84,-74
be:d5:42:dc:b0:84,-74
be:d5:42:dc:b0:84,-70
be:d5:42:dc:b0:84,-74
be:d5:42:dc:b0:84,-74
be:d5:42:dc:b0:84,-74
be:d5:42:dc:b0:84,-74
be:d5:42:dc:b0:84,-80
be:d5:42:dc:b0:84,-90
be:d5:42:dc:b0:84,-98
be:d5:42:dc:b0:84,-98
be:d5:42:dc:b0:84,-74
be:d5:42:dc:b0:84,-80
30:75:12:7f:f9:67,-68
30:75:12:7f:f9:67,-62
30:75:12:7f:f9:67,-62
30:75:12:7f:f9:67,-62
30:75:12:7f:f9:67,-64
30:75:12:7f:f9:67,-62
30:75:12:7f:f9:67,-70
16:3a:c1:90:1b:d0,-98
16:3a:c1:90:1b:d0,-98
5e:d9:f0:95:e0:5c,-98
5e:d9:f0:95:e0:5c,-98
00:e1:8c:ef:07:3b,-98
e6:d2:b7:36:09:8f,-98
da:a1:19:3f:03:c7,-98
e6:d2:b7:36:09:8f,-98
da:a1:19:3f:03:c7,-98
8e:37:48:be:d9:0e,-98
8e:37:48:be:d9:0e,-98
8e:37:48:be:d9:0e,-98
8e:37:48:be:d9:0e,-98
42:b9:cb:2a:8a:08,-98
42:b9:cb:2a:8a:08,-98
12:be:93:4a:6c:e9,-74
12:be:93:4a:6c:e9,-88
12:be:93:4a:6c:e9,-74
30:74:96:e2:25:01,-98
30:74:96:e2:25:01,-74
12:be:93:4a:6c:e9,-98
30:74:96:e2:25:01,-74
12:be:93:4a:6c:e9,-98
30:74:96:e2:25:01,-34
30:74:96:e2:25:01,-36
30:74:96:e2:25:01,-28
30:74:96:e2:25:01,-28
30:74:96:e2:25:01,-28
30:74:96:e2:25:01,-28
30:74:96:e2:25:01,-28
30:74:96:e2:25:01,-34
30:74:96:e2:25:01,-34
30:74:96:e2:25:01,-44
28:b2:bd:a8:37:de,-74
28:b2:bd:a8:37:de,-74
b2:a1:bd:b0:9e:66,-88
b2:a1:bd:b0:9e:66,-80
86:c1:e8:1a:8b:0e,-62
86:c1:e8:1a:8b:0e,-62
86:c1:e8:1a:8b:0e,-58
86:c1:e8:1a:8b:0e,-56
86:c1:e8:1a:8b:0e,-50
86:c1:e8:1a:8b:0e,-56
86:c1:e8:1a:8b:0e,-56
e6:3e:2b:90:3c:a2,-56
e6:3e:2b:90:3c:a2,-62
e6:3e:2b:90:3c:a2,-62
fa:db:52:86:15:be,-74
fa:db:52:86:15:be,-90
fa:db:52:86:15:be,-98
fa:db:52:86:15:be,-98
48:f1:7f:64:69:9b,-74
48:f1:7f:64:69:9b,-74
24:41:8c:76:0a:6b,-84
24:41:8c:76:0a:6b,-98
24:41:8c:76:0a:6b,-74
24:41:8c:76:0a:6b,-74
e8:2a:ea:49:83:1a,-98
e8:2a:ea:49:83:1a,-98
1e:43:3e:da:a5:ab,-62
1e:43:3e:da:a5:ab,-62
1e:43:3e:da:a5:ab,-56
1e:43:3e:da:a5:ab,-50
1e:43:3e:da:a5:ab,-56
1e:43:3e:da:a5:ab,-50
1e:43:3e:da:a5:ab,-56
1e:43:3e:da:a5:ab,-56
1e:43:3e:da:a5:ab,-62
1e:43:3e:da:a5:ab,-62
7e:a6:02:87:b1:b7,-98
88:b4:a6:0d:53:d0,-98
88:b4:a6:44:8a:75,-74
88:b4:a6:03:80:34,-74
88:b4:a6:03:80:34,-66
06:4b:f8:78:1d:61,-98
88:b4:a6:04:81:35,-84
88:b4:a6:2a:70:5b,-98
da:a1:19:66:ec:d2,-98
da:a1:19:66:ec:d2,-98
da:a1:19:66:ec:d2,-98
b2:9a:dc:a7:4d:43,-68
b2:9a:dc:a7:4d:43,-68
b2:9a:dc:a7:4d:43,-68
b2:9a:dc:a7:4d:43,-72
b2:9a:dc:a7:4d:43,-68
b2:9a:dc:a7:4d:43,-68
b2:a1:bd:b0:9e:66,-90
b2:a1:bd:b0:9e:66,-84
b2:a1:bd:b0:9e:66,-88
00:28:f8:3f:cc:8a,-50
00:28:f8:3f:cc:8a,-50
00:28:f8:3f:cc:8a,-44
00:28:f8:3f:cc:8a,-44
00:28:f8:3f:cc:8a,-56
98:22:ef:c6:1a:e7,-98
98:22:ef:c6:1a:e7,-98
98:22:ef:c6:1a:e7,-98
54:60:09:ee:82:bc,-98
72:a7:ff:ed:e0:21,-68
72:a7:ff:ed:e0:21,-74
72:a7:ff:ed:e0:21,-74
dc:53:60:9e:76:e0,-98
dc:53:60:9e:76:e0,-74
7e:2a:ac:24:e2:8e,-98
66:a1:9b:50:01:24,-62
66:a1:9b:50:01:24,-64
66:a1:9b:50:01:24,-64
66:a1:9b:50:01:24,-70
66:a1:9b:50:01:24,-72
72:d5:b0:b6:46:02,-90
72:d5:b0:b6:46:02,-96
ba:a8:38:b3:27:3e,-98
ba:a8:38:b3:27:3e,-74
ba:a8:38:b3:27:3e,-74
ba:a8:38:b3:27:3e,-74
56:b1:de:a8:75:3d,-98
ba:a8:38:b3:27:3e,-74
56:b1:de:a8:75:3d,-98
56:b1:de:a8:75:3d,-98
ba:a8:38:b3:27:3e,-68
ba:a8:38:b3:27:3e,-98
ba:a8:38:b3:27:3e,-76
ce:c8:0e:e0:24:28,-98
ce:c8:0e:e0:24:28,-80
ce:c8:0e:e0:24:28,-88
ce:c8:0e:e0:24:28,-98
40:83:1d:10:08:80,-56
40:83:1d:10:08:80,-56
42:05:9b:64:18:3c,-98
40:83:1d:10:08:80,-56
d2:d1:7c:65:99:3e,-68
40:83:1d:10:08:80,-58
d2:d1:7c:65:99:3e,-62
d2:d1:7c:65:99:3e,-62
d2:d1:7c:65:99:3e,-62
d2:d1:7c:65:99:3e,-68
d2:d1:7c:65:99:3e,-72
d2:d1:7c:65:99:3e,-74
d2:d1:7c:65:99:3e,-92
ba:63:e9:da:9e:7b,-98
ba:63:e9:da:9e:7b,-80
ba:63:e9:da:9e:7b,-98
5e:8e:25:d8:64:fe,-56
5e:8e:25:d8:64:fe,-56
5e:8e:25:d8:64:fe,-50
5e:8e:25:d8:64:fe,-50
5e:8e:25:d8:64:fe,-50
5e:8e:25:d8:64:fe,-50
5e:8e:25:d8:64:fe,-56
5e:8e:25:d8:64:fe,-56
5e:8e:25:d8:64:fe,-68
fa:42:15:57:45:d4,-64
fa:42:15:57:45:d4,-62
fa:42:15:57:45:d4,-56
fa:42:15:57:45:d4,-56
fa:42:15:57:45:d4,-56
fa:42:15:57:45:d4,-56
fa:42:15:57:45:d4,-68
fa:42:15:57:45:d4,-68
d2:d1:7c:65:99:3e,-98
d2:d1:7c:65:99:3e,-98
d2:d1:7c:65:99:3e,-68
d2:d1:7c:65:99:3e,-68
d2:d1:7c:65:99:3e,-64
d2:d1:7c:65:99:3e,-62
d2:d1:7c:65:99:3e,-62
d2:d1:7c:65:99:3e,-68
d2:d1:7c:65:99:3e,-68
40:83:1d:10:08:80,-62
40:83:1d:10:08:80,-56
40:83:1d:10:08:80,-50
40:83:1d:10:08:80,-50
40:83:1d:10:08:80,-48
40:83:1d:10:08:80,-50
40:83:1d:10:08:80,-56
40:83:1d:10:08:80,-50
5e:8e:25:d8:64:fe,-56
5e:8e:25:d8:64:fe,-50
5e:8e:25:d8:64:fe,-48
5e:8e:25:d8:64:fe,-50
5e:8e:25:d8:64:fe,-56
5e:8e:25:d8:64:fe,-56
48:f1:7f:64:69:9b,-98
48:f1:7f:64:69:9b,-74
48:f1:7f:64:69:9b,-74
ae:4f:b4:dd:be:ea,-98
e8:2a:ea:49:83:1a,-88
ae:4f:b4:dd:be:ea,-94
e8:2a:ea:49:83:1a,-96
ae:4f:b4:dd:be:ea,-74
ae:4f:b4:dd:be:ea,-74
c2:df:11:75:e8:c1,-98
8e:b5:1e:2e:c1:fe,-98
8e:b5:1e:2e:c1:fe,-72
8e:b5:1e:2e:c1:fe,-72
8e:b5:1e:2e:c1:fe,-74
8e:b5:1e:2e:c1:fe,-74
8e:b5:1e:2e:c1:fe,-84
00:28:f8:3f:cc:8a,-50
00:28:f8:3f:cc:8a,-44
00:28:f8:3f:cc:8a,-44
00:28:f8:3f:cc:8a,-50
c2:92:26:b9:92:11,-74
c2:92:26:b9:92:11,-74
c2:92:26:b9:92:11,-68
c2:92:26:b9:92:11,-68
c2:92:26:b9:92:11,-68
c2:92:26:b9:92:11,-72
c2:92:26:b9:92:11,-68
c2:92:26:b9:92:11,-68
c2:92:26:b9:92:11,-74
d4:38:9c:ba:e9:f2,-98
da:a1:19:c1:73:30,-98
da:a1:19:c1:73:30,-98
da:a1:19:c1:73:30,-98
98:22:ef:c6:1a:e7,-98
98:22:ef:c6:1a:e7,-98
dc:53:60:9e:76:e0,-74
dc:53:60:9e:76:e0,-74
dc:53:60:9e:76:e0,-88
b2:b6:42:25:ed:36,-98
b2:b6:42:25:ed:36,-74
b2:b6:42:25:ed:36,-74
fe:24:e1:09:65:8c,-56
b6:55:cf:78:2e:1a,-56
b6:55:cf:78:2e:1a,-56
b6:55:cf:78:2e:1a,-56
b6:55:cf:78:2e:1a,-50
b6:55:cf:78:2e:1a,-56
b6:55:cf:78:2e:1a,-56
5a:6f:53:33:8e:9c,-68
5a:6f:53:33:8e:9c,-68
5a:6f:53:33:8e:9c,-68
f2:ec:3e:f7:98:e8,-74
f2:ec:3e:f7:98:e8,-74
f2:ec:3e:f7:98:e8,-72
f2:ec:3e:f7:98:e8,-74
f2:ec:3e:f7:98:e8,-74
f2:ec:3e:f7:98:e8,-98
8a:10:f3:0d:f1:e3,-56
8a:10:f3:0d:f1:e3,-50
8a:10:f3:0d:f1:e3,-50
8a:10:f3:0d:f1:e3,-50
8a:10:f3:0d:f1:e3,-50
8a:10:f3:0d:f1:e3,-50
8a:10:f3:0d:f1:e3,-50
8a:10:f3:0d:f1:e3,-56
8a:10:f3:0d:f1:e3,-56
24:18:1d:4a:34:9c,-68
24:18:1d:4a:34:9c,-68
24:18:1d:4a:34:9c,-62
24:18:1d:4a:34:9c,-68
48:f1:7f:64:69:9b,-74
24:18:1d:4a:34:9c,-68
24:18:1d:4a:34:9c,-74
48:f1:7f:64:69:9b,-76
48:f1:7f:64:69:9b,-74
48:f1:7f:64:69:9b,-70
00:28:f8:3f:cc:8a,-50
00:28:f8:3f:cc:8a,-44
00:28:f8:3f:cc:8a,-40
e8:2a:ea:49:83:1a,-74
e8:2a:ea:49:83:1a,-74
28:b2:bd:a8:37:de,-98
28:b2:bd:a8:37:de,-74
d4:38:9c:ba:e9:f2,-98
6a:cb:d6:3a:cf:a8,-98
6a:cb:d6:3a:cf:a8,-88
6a:cb:d6:3a:cf:a8,-82
6a:cb:d6:3a:cf:a8,-82
6a:cb:d6:3a:cf:a8,-96
6a:cb:d6:3a:cf:a8,-90
6a:cb:d6:3a:cf:a8,-74
6a:cb:d6:3a:cf:a8,-74
6a:cb:d6:3a:cf:a8,-74
6a:cb:d6:3a:cf:a8,-74
6a:cb:d6:3a:cf:a8,-82
4e:23:3e:3a:04:83,-98
4e:23:3e:3a:04:83,-98
4e:23:3e:3a:04:83,-98
ea:82:0c:b8:0e:91,-98
58:fb:84:59:a7:18,-98
dc:53:60:9e:76:e0,-74
dc:53:60:9e:76:e0,-74
dc:53:60:9e:76:e0,-84
dc:53:60:9e:76:e0,-98
de:25:4e:c0:12:8c,-98
9a:d6:f6:84:03:64,-74
9a:d6:f6:84:03:64,-74
9a:d6:f6:84:03:64,-74
9a:d6:f6:84:03:64,-74
36:a2:a5:f6:f1:f3,-98
36:a2:a5:f6:f1:f3,-98
36:a2:a5:f6:f1:f3,-94
36:a2:a5:f6:f1:f3,-74
98:22:ef:c6:1a:e7,-98
6a:b8:77:ba:05:10,-74
6a:b8:77:ba:05:10,-74
6a:b8:77:ba:05:10,-98
da:a1:19:66:ec:d2,-98
da:a1:19:66:ec:d2,-92
da:a1:19:66:ec:d2,-98
da:a1:19:66:ec:d2,-74
da:a1:19:66:ec:d2,-74
da:a1:19:66:ec:d2,-74
da:a1:19:66:ec:d2,-74
82:51:6c:15:f0:4e,-98
06:54:01:11:5e:b7,-74
06:54:01:11:5e:b7,-74
06:54:01:11:5e:b7,-68
06:54:01:11:5e:b7,-72
06:54:01:11:5e:b7,-74
06:54:01:11:5e:b7,-74
06:54:01:11:5e:b7,-86
06:54:01:11:5e:b7,-84
da:a1:19:79:db:31,-98
74:42:8b:ea:9e:dc,-98
6a:b8:77:ba:05:10,-96
6a:b8:77:ba:05:10,-74
6a:b8:77:ba:05:10,-74
6a:b8:77:ba:05:10,-90
da:a1:19:df:65:5a,-98
6a:b8:77:ba:05:10,-92
2e:d4:e7:d7:19:d5,-98
2e:d4:e7:d7:19:d5,-88
7e:2d:02:58:ee:c8,-98
7e:2d:02:58:ee:c8,-98
7e:2d:02:58:ee:c8,-86
b2:c6:37:de:73:50,-98
48:f1:7f:64:69:9b,-92
48:f1:7f:64:69:9b,-76
da:a1:19:6b:5d:76,-68
e8:2a:ea:49:83:1a,-74
e8:2a:ea:49:83:1a,-74
4a:17:8c:ef:0c:59,-74
4a:17:8c:ef:0c:59,-70
4a:17:8c:ef:0c:59,-68
4a:17:8c:ef:0c:59,-68
4a:17:8c:ef:0c:59,-68
4a:17:8c:ef:0c:59,-68
da:a1:19:66:ec:d2,-98
da:a1:19:66:ec:d2,-74
00:28:f8:3f:cc:8a,-44
da:a1:19:66:ec:d2,-74
da:a1:19:66:ec:d2,-74
da:a1:19:66:ec:d2,-74
00:28:f8:3f:cc:8a,-50
00:28:f8:3f:cc:8a,-44
6e:62:28:c7:b5:6c,-80
6e:62:28:c7:b5:6c,-74
6e:62:28:c7:b5:6c,-84
6e:62:28:c7:b5:6c,-74
9e:e5:54:76:a8:b9,-98
6e:62:28:c7:b5:6c,-88
3a:5a:af:27:4a:b7,-98
3a:5a:af:27:4a:b7,-98
0c:cb:85:00:55:c9,-98
dc:53:60:9e:76:e0,-98
dc:53:60:9e:76:e0,-74
dc:53:60:9e:76:e0,-74
dc:53:60:9e:76:e0,-92
a6:97:c5:7f:c2:54,-88
a6:97:c5:7f:c2:54,-82
dc:53:60:9e:76:e0,-98
de:26:75:87:13:7c,-98
a4:c4:94:40:a8:e4,-90
a4:c4:94:40:a8:e4,-96
a4:c4:94:40:a8:e4,-96
a4:c4:94:40:a8:e4,-98
86:e7:a7:7c:80:22,-92
72:e8:08:9e:ff:4c,-98
86:e7:a7:7c:80:22,-90
8a:7c:68:d0:0b:bc,-98
8a:7c:68:d0:0b:bc,-74
8a:7c:68:d0:0b:bc,-74
8a:7c:68:d0:0b:bc,-74
8a:7c:68:d0:0b:bc,-94
6a:a5:f0:bf:24:af,-98
98:22:ef:c6:1a:e7,-98
4a:97:e9:52:6b:4a,-98
4a:97:e9:52:6b:4a,-98
4a:97:e9:52:6b:4a,-98
1c:1b:b5:72:72:c0,-98
1c:1b:b5:72:72:c0,-92
1e:93:92:a3:a6:b1,-74
1e:93:92:a3:a6:b1,-74
1e:93:92:a3:a6:b1,-74
1e:93:92:a3:a6:b1,-78
30:74:96:e2:25:01,-74
30:74:96:e2:25:01,-44
30:74:96:e2:25:01,-44
88:b4:a6:ce:82:36,-98
30:74:96:e2:25:01,-36
88:b4:a6:ce:82:36,-60
30:74:96:e2:25:01,-28
30:74:96:e2:25:01,-34
30:74:96:e2:25:01,-30
30:74:96:e2:25:01,-34
30:74:96:e2:25:01,-40
88:b4:a6:f1:6e:59,-74
56:72:11:c7:50:64,-80
56:72:11:c7:50:64,-74
88:28:b3:9e:fa:1a,-98
00:28:f8:3f:cc:8a,-44
00:28:f8:3f:cc:8a,-50
00:28:f8:3f:cc:8a,-44
e8:2a:ea:49:83:1a,-74
00:28:f8:3f:cc:8a,-40
e8:2a:ea:49:83:1a,-74
00:28:f8:3f:cc:8a,-56
e4:70:b8:16:bb:88,-98
30:74:96:e2:25:01,-82
30:74:96:e2:25:01,-76
30:74:96:e2:25:01,-44
30:74:96:e2:25:01,-40
48:f1:7f:64:69:9b,-74
30:74:96:e2:25:01,-34
30:74:96:e2:25:01,-34
48:f1:7f:64:69:9b,-74
30:74:96:e2:25:01,-32
48:f1:7f:64:69:9b,-74
30:74:96:e2:25:01,-34
30:74:96:e2:25:01,-40
30:74:96:e2:25:01,-40
0e:b5:03:e3:05:b5,-98
0e:b5:03:e3:05:b5,-98
dc:53:60:9e:76:e0,-74
dc:53:60:9e:76:e0,-72
dc:53:60:9e:76:e0,-86
d2:85:e7:cc:27:7a,-68
d2:85:e7:cc:27:7a,-74
d2:85:e7:cc:27:7a,-74
d2:85:e7:cc:27:7a,-74
d2:85:e7:cc:27:7a,-74
86:84:28:c0:2e:4b,-98
d2:85:e7:cc:27:7a,-94
ba:ff:23:b7:e0:81,-68
ba:ff:23:b7:e0:81,-62
ba:ff:23:b7:e0:81,-68
ba:ff:23:b7:e0:81,-74
aa:57:a5:49:36:d3,-62
aa:57:a5:49:36:d3,-62
aa:57:a5:49:36:d3,-56
aa:57:a5:49:36:d3,-56
aa:57:a5:49:36:d3,-56
aa:57:a5:49:36:d3,-56
aa:57:a5:49:36:d3,-62
aa:57:a5:49:36:d3,-62
aa:57:a5:49:36:d3,-68
aa:57:a5:49:36:d3,-68
d6:7d:d2:45:4c:94,-98
d6:7d:d2:45:4c:94,-98
42:84:da:25:4b:f9,-62
42:84:da:25:4b:f9,-56
42:84:da:25:4b:f9,-56
42:84:da:25:4b:f9,-52
42:84:da:25:4b:f9,-56
42:84:da:25:4b:f9,-56
42:84:da:25:4b:f9,-56
42:84:da:25:4b:f9,-62
42:84:da:25:4b:f9,-62
2a:bf:44:c1:7e:ea,-62
2a:bf:44:c1:7e:ea,-56
0c:cb:85:60:ec:b4,-98
16:2c:52:ed:fa:78,-56
16:2c:52:ed:fa:78,-56
16:2c:52:ed:fa:78,-50
16:2c:52:ed:fa:78,-50
16:2c:52:ed:fa:78,-50
16:2c:52:ed:fa:78,-56
16:2c:52:ed:fa:78,-56
98:22:ef:c6:1a:e7,-98
98:22:ef:c6:1a:e7,-98
da:a1:19:66:ec:d2,-82
da:a1:19:66:ec:d2,-74
da:a1:19:66:ec:d2,-92
da:a1:19:66:ec:d2,-90
da:a1:19:66:ec:d2,-98
da:a1:19:66:ec:d2,-98
b2:b6:42:25:ed:36,-68
b2:b6:42:25:ed:36,-74
00:28:f8:3f:cc:8a,-44
00:28:f8:3f:cc:8a,-50
00:28:f8:3f:cc:8a,-44
00:28:f8:3f:cc:8a,-44
00:28:f8:3f:cc:8a,-56
e8:2a:ea:49:83:1a,-88
e8:2a:ea:49:83:1a,-74
dc:53:60:9e:76:e0,-74
dc:53:60:9e:76:e0,-74
6a:3a:4a:b6:85:10,-98
48:f1:7f:64:69:9b,-98
48:f1:7f:64:69:9b,-94
d6:8f:74:23:a8:02,-74
d6:8f:74:23:a8:02,-74
d6:8f:74:23:a8:02,-68
d6:8f:74:23:a8:02,-68
d6:8f:74:23:a8:02,-62
d6:8f:74:23:a8:02,-74
d6:8f:74:23:a8:02,-84
54:60:09:ee:82:bc,-98
54:60:09:ee:82:bc,-98
54:60:09:ee:82:bc,-98
24:41:8c:76:0a:6b,-98
24:41:8c:76:0a:6b,-98
88:28:b3:9e:fa:1a,-98
da:a1:19:6b:5d:76,-84
da:a1:19:6b:5d:76,-74
da:a1:19:6b:5d:76,-78
da:a1:19:6b:5d:76,-94
da:a1:19:6b:5d:76,-98
88:b4:a6:0c:e4:9f,-70
88:b4:a6:0c:e4:9f,-70
88:b4:a6:0c:e4:9f,-70
88:b4:a6:0c:e4:9f,-70
88:b4:a6:0c:e4:9f,-62
88:b4:a6:0c:e4:9f,-62
88:b4:a6:0c:e4:9f,-62
88:b4:a6:0c:e4:9f,-62
88:b4:a6:0c:e4:9f,-64
88:b4:a6:0c:e4:9f,-64
88:b4:a6:0c:e4:9f,-68
88:b4:a6:0c:e4:9f,-68
88:b4:a6:0c:e4:9f,-68
88:b4:a6:0c:e4:9f,-74
88:b4:a6:0c:e4:9f,-74
88:b4:a6:0c:e4:9f,-74
b2:f1:76:64:10:4c,-98
b2:f1:76:64:10:4c,-74
b2:f1:76:64:10:4c,-74
b2:f1:76:64:10:4c,-72
b2:f1:76:64:10:4c,-72
b2:f1:76:64:10:4c,-68
b2:f1:76:64:10:4c,-68
b2:f1:76:64:10:4c,-74
5a:6f:53:33:8e:9c,-70
5a:6f:53:33:8e:9c,-62
5a:6f:53:33:8e:9c,-68
5a:6f:53:33:8e:9c,-68
5a:6f:53:33:8e:9c,-68
da:a1:19:00:a1:36,-82
da:a1:19:00:a1:36,-98
46:bb:1e:6b:3d:80,-76
46:bb:1e:6b:3d:80,-74
46:bb:1e:6b:3d:80,-74
46:bb:1e:6b:3d:80,-72
46:bb:1e:6b:3d:80,-72
46:bb:1e:6b:3d:80,-74
46:bb:1e:6b:3d:80,-98
46:bb:1e:6b:3d:80,-98
32:b7:ad:af:22:96,-70
32:b7:ad:af:22:96,-72
32:b7:ad:af:22:96,-72
32:b7:ad:af:22:96,-74
9a:d6:f6:84:03:64,-74
9a:d6:f6:84:03:64,-70
9a:d6:f6:84:03:64,-74
9a:d6:f6:84:03:64,-74
9a:d6:f6:84:03:64,-74
9a:d6:f6:84:03:64,-74
9a:d6:f6:84:03:64,-74
88:b4:a6:44:f8:ac,-60
00:28:f8:3f:cc:8a,-44
88:b4:a6:29:dd:91,-68
00:28:f8:3f:cc:8a,-44
00:28:f8:3f:cc:8a,-40
00:28:f8:3f:cc:8a,-56
e8:2a:ea:49:83:1a,-84
e8:2a:ea:49:83:1a,-98
da:a1:19:6b:5d:76,-98
da:a1:19:6b:5d:76,-72
da:a1:19:6b:5d:76,-88
da:a1:19:6b:5d:76,-74
da:a1:19:6b:5d:76,-98
da:a1:19:00:a1:36,-74
da:a1:19:00:a1:36,-74
fe:61:3c:a8:d9:51,-74
dc:53:60:9e:76:e0,-74
dc:53:60:9e:76:e0,-74
dc:53:60:9e:76:e0,-74
dc:53:60:9e:76:e0,-84
da:a1:19:00:a1:36,-74
da:a1:19:00:a1:36,-98
da:a1:19:00:a1:36,-98
9e:49:14:bc:aa:5b,-74
9e:49:14:bc:aa:5b,-68
48:f1:7f:64:69:9b,-72
9e:49:14:bc:aa:5b,-72
9e:49:14:bc:aa:5b,-68
48:f1:7f:64:69:9b,-74
9e:49:14:bc:aa:5b,-74
16:ec:81:9f:40:9c,-68
32:32:4d:ed:96:26,-74
32:32:4d:ed:96:26,-68
32:32:4d:ed:96:26,-68
32:32:4d:ed:96:26,-68
32:32:4d:ed:96:26,-74
32:32:4d:ed:96:26,-74
ba:5a:5a:fd:7a:54,-98
ba:5a:5a:fd:7a:54,-74
ba:5a:5a:fd:7a:54,-74
ba:5a:5a:fd:7a:54,-98
ba:5a:5a:fd:7a:54,-98
ba:5a:5a:fd:7a:54,-84
ba:5a:5a:fd:7a:54,-74
96:d2:88:8b:12:7e,-70
96:d2:88:8b:12:7e,-68
96:d2:88:8b:12:7e,-68
30:74:96:e2:25:01,-74
30:74:96:e2:25:01,-68
30:74:96:e2:25:01,-62
30:74:96:e2:25:01,-34
30:74:96:e2:25:01,-34
30:74:96:e2:25:01,-38
30:74:96:e2:25:01,-38
30:74:96:e2:25:01,-40
30:74:96:e2:25:01,-40
30:74:96:e2:25:01,-40
a4:93:3f:61:87:a3,-74
a4:93:3f:61:87:a3,-74
a4:93:3f:61:87:a3,-98
a4:93:3f:61:87:a3,-74
a4:93:3f:61:87:a3,-74
a4:93:3f:61:87:a3,-74
a4:93:3f:61:87:a3,-98
46:bb:1e:6b:3d:80,-74
46:bb:1e:6b:3d:80,-74
46:bb:1e:6b:3d:80,-72
46:bb:1e:6b:3d:80,-74
46:bb:1e:6b:3d:80,-74
46:bb:1e:6b:3d:80,-82
46:bb:1e:6b:3d:80,-96
24:18:1d:4a:34:9c,-98
24:18:1d:4a:34:9c,-98
24:18:1d:4a:34:9c,-98
24:18:1d:4a:34:9c,-98
da:a1:19:01:ab:5f,-98
00:28:f8:3f:cc:8a,-44
da:a1:19:01:ab:5f,-74
28:b2:bd:a8:37:de,-74
28:b2:bd:a8:37:de,-74
00:28:f8:3f:cc:8a,-44
da:a1:19:01:ab:5f,-74
da:a1:19:01:ab:5f,-74
00:28:f8:3f:cc:8a,-44
00:28:f8:3f:cc:8a,-56
da:a1:19:01:ab:5f,-98
da:a1:19:01:ab:5f,-98
98:22:ef:c6:1a:e7,-98
26:b5:e8:b3:a7:bd,-98
e4:70:b8:16:bb:88,-98
e4:70:b8:16:bb:88,-98
e4:70:b8:16:bb:88,-98
e4:70:b8:16:bb:88,-98
e4:70:b8:16:bb:88,-98
da:a1:19:00:a1:36,-86
da:a1:19:00:a1:36,-70
da:a1:19:00:a1:36,-94
e8:2a:ea:49:83:1a,-74
e8:2a:ea:49:83:1a,-72
e8:2a:ea:49:83:1a,-74
da:a1:19:00:a1:36,-74
be:25:a8:e1:f0:da,-98
da:a1:19:00:a1:36,-72
66:a8:a6:2d:6f:39,-78
be:25:a8:e1:f0:da,-98
da:a1:19:00:a1:36,-74
66:a8:a6:2d:6f:39,-98
da:a1:19:00:a1:36,-94
66:a8:a6:2d:6f:39,-74
66:a8:a6:2d:6f:39,-74
dc:53:60:9e:76:e0,-74
66:a8:a6:2d:6f:39,-90
dc:53:60:9e:76:e0,-68
dc:53:60:9e:76:e0,-72
dc:53:60:9e:76:e0,-74
66:a8:a6:2d:6f:39,-74
66:a8:a6:2d:6f:39,-98
66:a8:a6:2d:6f:39,-98
c6:cc:23:d2:7c:ad,-96
c6:cc:23:d2:7c:ad,-98
c6:cc:23:d2:7c:ad,-98
8a:7c:68:d0:0b:bc,-98
da:a1:19:66:ec:d2,-98
da:a1:19:66:ec:d2,-96
da:a1:19:66:ec:d2,-98
8a:7c:68:d0:0b:bc,-74
8a:7c:68:d0:0b:bc,-74
8a:7c:68:d0:0b:bc,-74
da:a1:19:00:a1:36,-74
8a:7c:68:d0:0b:bc,-92
8a:7c:68:d0:0b:bc,-96
48:f1:7f:64:69:9b,-98
da:a1:19:00:a1:36,-80
da:a1:19:00:a1:36,-92
6a:3a:d1:15:7f:74,-98
6a:3a:d1:15:7f:74,-98
7e:e2:7a:22:df:9e,-98
7e:e2:7a:22:df:9e,-90
7e:e2:7a:22:df:9e,-74
7e:e2:7a:22:df:9e,-74
7e:e2:7a:22:df:9e,-78
7e:e2:7a:22:df:9e,-78
a4:93:3f:61:87:a3,-74
a4:93:3f:61:87:a3,-74
a4:93:3f:61:87:a3,-74
a4:93:3f:61:87:a3,-74
a4:93:3f:61:87:a3,-76
a4:93:3f:61:87:a3,-98
da:a1:19:c2:76:18,-98
da:a1:19:c2:76:18,-98
56:9b:fc:55:1e:b1,-68
56:9b:fc:55:1e:b1,-68
56:9b:fc:55:1e:b1,-66
56:9b:fc:55:1e:b1,-68
56:9b:fc:55:1e:b1,-68
96:23:05:63:2a:52,-56
96:23:05:63:2a:52,-50
8e:a5:13:2a:1e:59,-72
8e:a5:13:2a:1e:59,-72
8e:a5:13:2a:1e:59,-74
8e:a5:13:2a:1e:59,-70
8e:a5:13:2a:1e:59,-72
8e:a5:13:2a:1e:59,-74
8e:a5:13:2a:1e:59,-74
da:a1:19:6b:5d:76,-98
da:a1:19:6b:5d:76,-74
da:a1:19:6b:5d:76,-74
da:a1:19:6b:5d:76,-74
da:a1:19:6b:5d:76,-98
4e:97:49:e7:e6:94,-74
4e:97:49:e7:e6:94,-72
4e:97:49:e7:e6:94,-68
4e:97:49:e7:e6:94,-74
00:28:f8:3f:cc:8a,-44
00:28:f8:3f:cc:8a,-44
00:28:f8:3f:cc:8a,-40
00:28:f8:3f:cc:8a,-50
98:22:ef:c6:1a:e7,-98
d6:11:98:88:75:97,-64
d6:11:98:88:75:97,-68
e2:24:f1:1c:5c:74,-74
e2:24:f1:1c:5c:74,-74
e2:24:f1:1c:5c:74,-74
e2:24:f1:1c:5c:74,-74
de:3f:58:fe:6b:97,-98
da:a1:19:6b:5d:76,-98
da:a1:19:6b:5d:76,-96
62:b8:46:b0:22:8f,-90
62:b8:46:b0:22:8f,-98
a4:93:3f:61:87:a3,-74
a4:93:3f:61:87:a3,-74
48:f1:7f:64:69:9b,-74
48:f1:7f:64:69:9b,-82
48:f1:7f:64:69:9b,-74
1e:e8:f8:f6:41:de,-74
72:13:1c:50:29:8f,-74
72:13:1c:50:29:8f,-70
72:13:1c:50:29:8f,-74
72:13:1c:50:29:8f,-74
72:13:1c:50:29:8f,-94
72:13:1c:50:29:8f,-74
b2:b6:42:25:ed:36,-74
b2:b6:42:25:ed:36,-68
b2:b6:42:25:ed:36,-68
b2:b6:42:25:ed:36,-70
b2:b6:42:25:ed:36,-74
40:83:1d:10:08:80,-62
40:83:1d:10:08:80,-62
40:83:1d:10:08:80,-68
40:83:1d:10:08:80,-62
40:83:1d:10:08:80,-62
40:83:1d:10:08:80,-64
40:83:1d:10:08:80,-62
1e:24:c0:a3:20:b3,-90
1e:24:c0:a3:20:b3,-72
1e:24:c0:a3:20:b3,-98
1e:24:c0:a3:20:b3,-96
1e:24:c0:a3:20:b3,-98
a4:c4:94:40:a8:e4,-98
a4:c4:94:40:a8:e4,-98
a4:c4:94:40:a8:e4,-98
60:36:dd:96:86:8d,-98
60:36:dd:96:86:8d,-86
de:0e:2e:d5:93:55,-72
de:0e:2e:d5:93:55,-74
b8:7b:c5:7a:fd:47,-98
b8:7b:c5:7a:fd:47,-76
ee:13:cd:14:c6:60,-74
ee:13:cd:14:c6:60,-74
ee:13:cd:14:c6:60,-68
ee:13:cd:14:c6:60,-68
da:a1:19:6b:5d:76,-74
da:a1:19:6b:5d:76,-96
da:a1:19:6b:5d:76,-84
00:28:f8:3f:cc:8a,-98
00:28:f8:3f:cc:8a,-88
ba:ff:23:b7:e0:81,-68
ba:ff:23:b7:e0:81,-68
00:28:f8:3f:cc:8a,-50
30:74:96:e2:25:01,-96
ba:ff:23:b7:e0:81,-74
00:28:f8:3f:cc:8a,-44
30:74:96:e2:25:01,-74
00:28:f8:3f:cc:8a,-56
30:74:96:e2:25:01,-72
30:74:96:e2:25:01,-40
30:74:96:e2:25:01,-40
30:74:96:e2:25:01,-32
30:74:96:e2:25:01,-30
30:74:96:e2:25:01,-34
30:74:96:e2:25:01,-28
30:74:96:e2:25:01,-28
30:74:96:e2:25:01,-40
30:74:96:e2:25:01,-44
c2:15:d8:98:db:cf,-98
c2:15:d8:98:db:cf,-98
dc:53:60:9e:76:e0,-84
dc:53:60:9e:76:e0,-98
dc:53:60:9e:76:e0,-98
30:75:12:7f:f9:67,-74
dc:53:60:9e:76:e0,-96
30:75:12:7f:f9:67,-70
36:df:0c:5e:64:7d,-74
30:75:12:7f:f9:67,-68
30:75:12:7f:f9:67,-68
30:75:12:7f:f9:67,-68
30:75:12:7f:f9:67,-68
30:75:12:7f:f9:67,-74
82:87:3b:6d:4d:3b,-98
82:87:3b:6d:4d:3b,-72
82:87:3b:6d:4d:3b,-68
82:87:3b:6d:4d:3b,-74
82:87:3b:6d:4d:3b,-68
ee:98:28:4b:df:58,-84
e8:2a:ea:49:83:1a,-74
ee:98:28:4b:df:58,-96
e8:2a:ea:49:83:1a,-74
e8:2a:ea:49:83:1a,-84
98:22:ef:c6:1a:e7,-98
98:22:ef:c6:1a:e7,-98
88:28:b3:9e:fa:1a,-98
88:28:b3:9e:fa:1a,-98
88:28:b3:9e:fa:1a,-98
88:28:b3:9e:fa:1a,-98
88:28:b3:9e:fa:1a,-98
da:a1:19:6b:5d:76,-74
da:a1:19:6b:5d:76,-88
da:a1:19:6b:5d:76,-74
40:83:1d:10:08:80,-62
da:a1:19:6b:5d:76,-90
40:83:1d:10:08:80,-56
40:83:1d:10:08:80,-56
da:a1:19:6b:5d:76,-98
40:83:1d:10:08:80,-50
fa:b2:70:c8:ba:d1,-98
40:83:1d:10:08:80,-56
40:83:1d:10:08:80,-62
4e:b5:bd:42:e3:13,-98
4e:b5:bd:42:e3:13,-98
9a:d6:f6:84:03:64,-88
9a:d6:f6:84:03:64,-98
9a:d6:f6:84:03:64,-86
9a:d6:f6:84:03:64,-98
9a:d6:f6:84:03:64,-98
8a:a3:5e:7e:d7:9f,-74
8a:a3:5e:7e:d7:9f,-98
22:3c:77:3d:8b:5e,-68
8a:a3:5e:7e:d7:9f,-98
22:3c:77:3d:8b:5e,-86
a4:93:3f:61:87:a3,-76
48:f1:7f:64:69:9b,-74
48:f1:7f:64:69:9b,-98
16:47:63:d4:9d:40,-98
a4:93:3f:61:87:a3,-98
a4:93:3f:61:87:a3,-74
a4:93:3f:61:87:a3,-74
a4:93:3f:61:87:a3,-74
a4:93:3f:61:87:a3,-74
a4:93:3f:61:87:a3,-86
a4:93:3f:61:87:a3,-98
e6:dc:b4:0f:bb:bb,-74
e6:dc:b4:0f:bb:bb,-74
88:b4:a6:b4:68:53,-68
e6:dc:b4:0f:bb:bb,-98
e6:dc:b4:0f:bb:bb,-82
da:a1:19:6b:5d:76,-74
88:b4:a6:88:73:27,-68
da:a1:19:6b:5d:76,-74
da:a1:19:6b:5d:76,-74
e6:dc:b4:0f:bb:bb,-98
74:b5:87:28:22:0a,-98
74:b5:87:28:22:0a,-96
88:b4:a6:af:2c:17,-68
da:a1:19:6b:5d:76,-98
00:28:f8:3f:cc:8a,-50
00:28:f8:3f:cc:8a,-44
00:28:f8:3f:cc:8a,-44
00:28:f8:3f:cc:8a,-56
66:40:70:50:fc:59,-98
66:40:70:50:fc:59,-74
66:40:70:50:fc:59,-98
66:40:70:50:fc:59,-74
66:40:70:50:fc:59,-74
96:d2:88:8b:12:7e,-74
96:d2:88:8b:12:7e,-74
66:40:70:50:fc:59,-98
96:d2:88:8b:12:7e,-74
96:d2:88:8b:12:7e,-88
dc:53:60:9e:76:e0,-78
dc:53:60:9e:76:e0,-74
dc:53:60:9e:76:e0,-76
2a:b8:a6:3c:49:31,-74
a4:93:3f:61:87:a3,-74
2a:b8:a6:3c:49:31,-68
a4:93:3f:61:87:a3,-74
2a:b8:a6:3c:49:31,-68
2a:b8:a6:3c:49:31,-74
a4:93:3f:61:87:a3,-74
2a:b8:a6:3c:49:31,-74
a4:93:3f:61:87:a3,-98
2a:b8:a6:3c:49:31,-74
2a:b8:a6:3c:49:31,-88
e8:2a:ea:49:83:1a,-98
ca:70:f1:3f:4a:05,-98
ca:70:f1:3f:4a:05,-98
da:a1:19:6b:5d:76,-98
da:a1:19:6b:5d:76,-98
da:a1:19:6b:5d:76,-74
da:a1:19:6b:5d:76,-74
da:a1:19:6b:5d:76,-74
2a:21:b1:25:3f:7c,-74
2a:21:b1:25:3f:7c,-74
2a:21:b1:25:3f:7c,-80
2a:21:b1:25:3f:7c,-74
2a:21:b1:25:3f:7c,-98
a4:93:3f:61:87:a3,-98
a4:93:3f:61:87:a3,-74
98:22:ef:c6:1a:e7,-98
a4:93:3f:61:87:a3,-74
98:22:ef:c6:1a:e7,-98
98:22:ef:c6:1a:e7,-98
a4:93:3f:61:87:a3,-74
a4:93:3f:61:87:a3,-74
a4:93:3f:61:87:a3,-98
a4:93:3f:61:87:a3,-98
48:f1:7f:64:69:9b,-68
48:f1:7f:64:69:9b,-98
48:f1:7f:64:69:9b,-72
48:f1:7f:64:69:9b,-68
48:f1:7f:64:69:9b,-74
02:f8:31:cd:ce:f3,-74
02:f8:31:cd:ce:f3,-98
da:a1:19:6b:5d:76,-68
da:a1:19:6b:5d:76,-68
da:a1:19:6b:5d:76,-68
da:a1:19:6b:5d:76,-86
da:a1:19:6b:5d:76,-78
32:e8:c6:7d:cf:c2,-74
32:e8:c6:7d:cf:c2,-74
32:e8:c6:7d:cf:c2,-68
32:e8:c6:7d:cf:c2,-74
00:28:f8:3f:cc:8a,-50
00:28:f8:3f:cc:8a,-50
00:28:f8:3f:cc:8a,-50
00:28:f8:3f:cc:8a,-50
00:28:f8:3f:cc:8a,-62
8a:7c:68:d0:0b:bc,-98
8a:7c:68:d0:0b:bc,-94
8a:7c:68:d0:0b:bc,-98
52:92:82:d2:5e:a8,-74
52:92:82:d2:5e:a8,-74
52:92:82:d2:5e:a8,-98
24:41:8c:76:0a:6b,-80
52:92:82:d2:5e:a8,-62
52:92:82:d2:5e:a8,-68
52:92:82:d2:5e:a8,-72
98:e0:d9:80:f3:ed,-98
98:e0:d9:80:f3:ed,-98
98:e0:d9:80:f3:ed,-98
98:e0:d9:80:f3:ed,-98
a4:93:3f:61:87:a3,-74
a4:93:3f:61:87:a3,-72
dc:53:60:9e:76:e0,-74
dc:53:60:9e:76:e0,-74
a4:93:3f:61:87:a3,-74
a4:93:3f:61:87:a3,-98
dc:53:60:9e:76:e0,-98
32:e8:c6:7d:cf:c2,-72
da:a1:19:6b:5d:76,-98
5a:4c:b2:6c:01:8a,-98
32:e8:c6:7d:cf:c2,-74
da:a1:19:6b:5d:76,-74
da:a1:19:6b:5d:76,-74
da:a1:19:6b:5d:76,-86
e8:2a:ea:49:83:1a,-84
e8:2a:ea:49:83:1a,-84
e8:2a:ea:49:83:1a,-74
30:74:96:e2:25:01,-74
30:74:96:e2:25:01,-74
30:74:96:e2:25:01,-40
30:74:96:e2:25:01,-40
30:74:96:e2:25:01,-34
30:74:96:e2:25:01,-28
30:74:96:e2:25:01,-28
30:74:96:e2:25:01,-28
30:74:96:e2:25:01,-34
30:74:96:e2:25:01,-34
30:74:96:e2:25:01,-44
12:54:4a:1b:16:f3,-98
12:54:4a:1b:16:f3,-98
12:54:4a:1b:16:f3,-94
12:54:4a:1b:16:f3,-98
98:22:ef:c6:1a:e7,-98
98:22:ef:c6:1a:e7,-98
96:23:05:63:2a:52,-56
96:23:05:63:2a:52,-50
16:91:de:ff:af:59,-74
16:91:de:ff:af:59,-68
16:91:de:ff:af:59,-68
16:91:de:ff:af:59,-68
16:91:de:ff:af:59,-68
16:91:de:ff:af:59,-74
16:91:de:ff:af:59,-74
98:e0:d9:80:f3:ed,-98
98:e0:d9:80:f3:ed,-98
46:e6:1c:e0:2f:e8,-74
46:e6:1c:e0:2f:e8,-74
46:e6:1c:e0:2f:e8,-74
46:e6:1c:e0:2f:e8,-74
46:e6:1c:e0:2f:e8,-98
00:28:f8:3f:cc:8a,-44
28:b2:bd:a8:37:de,-96
28:b2:bd:a8:37:de,-74
28:b2:bd:a8:37:de,-74
00:28:f8:3f:cc:8a,-50
00:28:f8:3f:cc:8a,-44
00:28:f8:3f:cc:8a,-44
da:a1:19:6b:5d:76,-78
00:28:f8:3f:cc:8a,-56
da:a1:19:6b:5d:76,-98
da:a1:19:6b:5d:76,-98
da:a1:19:6b:5d:76,-98
0a:51:cb:d1:d0:63,-98
0a:51:cb:d1:d0:63,-98
0a:51:cb:d1:d0:63,-62
0a:51:cb:d1:d0:63,-68
0a:51:cb:d1:d0:63,-68
0a:51:cb:d1:d0:63,-62
0a:51:cb:d1:d0:63,-68
0a:51:cb:d1:d0:63,-62
c2:05:d5:9e:83:67,-74
c2:05:d5:9e:83:67,-88
c2:05:d5:9e:83:67,-74
c2:05:d5:9e:83:67,-74
c2:50:f9:61:65:bb,-66
c2:50:f9:61:65:bb,-72
c2:50:f9:61:65:bb,-72
c2:50:f9:61:65:bb,-98
66:40:70:50:fc:59,-98
66:40:70:50:fc:59,-96
66:40:70:50:fc:59,-88
66:40:70:50:fc:59,-88
66:40:70:50:fc:59,-98
66:40:70:50:fc:59,-98
92:ef:b3:7b:88:1d,-98
b2:b6:42:25:ed:36,-72
b2:b6:42:25:ed:36,-74
b2:b6:42:25:ed:36,-74
da:9e:61:bd:19:8e,-98
c6:cf:f2:35:c1:2b,-98
da:a1:19:66:ec:d2,-94
da:a1:19:66:ec:d2,-94
dc:53:60:9e:76:e0,-98
dc:53:60:9e:76:e0,-74
dc:53:60:9e:76:e0,-74
d2:1b:30:3d:5b:dd,-96
dc:53:60:9e:76:e0,-98
ba:ff:23:b7:e0:81,-90
ba:ff:23:b7:e0:81,-72
ba:ff:23:b7:e0:81,-74
da:a1:19:6b:5d:76,-98
da:a1:19:6b:5d:76,-74
da:a1:19:6b:5d:76,-74
42:22:8c:4c:12:7e,-98
da:a1:19:00:a1:36,-56
da:a1:19:00:a1:36,-56
da:a1:19:00:a1:36,-62
fa:1a:ae:70:61:20,-74
fa:1a:ae:70:61:20,-82
fa:1a:ae:70:61:20,-94
fa:1a:ae:70:61:20,-98
d6:11:98:88:75:97,-68
d6:11:98:88:75:97,-68
ee:98:28:4b:df:58,-74
ee:98:28:4b:df:58,-74
0e:ec:5f:a7:b6:8b,-98
66:ce:5c:d1:18:72,-74
e8:2a:ea:49:83:1a,-74
66:ce:5c:d1:18:72,-68
66:ce:5c:d1:18:72,-64
98:e0:d9:80:f3:ed,-76
98:e0:d9:80:f3:ed,-82
98:e0:d9:80:f3:ed,-98
98:22:ef:c6:1a:e7,-98
14:d1:69:1c:57:f7,-98
c2:15:d8:98:db:cf,-68
c2:15:d8:98:db:cf,-68
c2:15:d8:98:db:cf,-68
2e:8f:d0:c6:84:c3,-74
2e:8f:d0:c6:84:c3,-96
2e:8f:d0:c6:84:c3,-72
2e:8f:d0:c6:84:c3,-74
16:c0:ee:ac:0e:ca,-98
2e:8f:d0:c6:84:c3,-74
2e:8f:d0:c6:84:c3,-98
48:f1:7f:64:69:9b,-68
48:f1:7f:64:69:9b,-68
48:f1:7f:64:69:9b,-74
00:28:f8:3f:cc:8a,-50
00:28:f8:3f:cc:8a,-44
00:28:f8:3f:cc:8a,-44
ee:85:c4:c5:af:19,-74
ee:85:c4:c5:af:19,-90
9a:d6:f6:84:03:64,-98
9a:d6:f6:84:03:64,-98
1e:85:78:06:c9:4d,-98
1e:85:78:06:c9:4d,-98
1e:85:78:06:c9:4d,-98
da:a1:19:6b:5d:76,-74
da:a1:19:6b:5d:76,-74
da:a1:19:6b:5d:76,-74
dc:53:60:9e:76:e0,-74
dc:53:60:9e:76:e0,-74
dc:53:60:9e:76:e0,-74
dc:53:60:9e:76:e0,-74
dc:53:60:9e:76:e0,-74
e2:95:2e:0c:97:cd,-98
ca:2f:88:40:ca:79,-76
ca:2f:88:40:ca:79,-84
ca:2f:88:40:ca:79,-74
ca:2f:88:40:ca:79,-72
ca:2f:88:40:ca:79,-62
ca:2f:88:40:ca:79,-74
fa:1a:ae:70:61:20,-74
ca:bd:83:f3:c9:3b,-98
f2:eb:b1:02:7d:2f,-98
f2:eb:b1:02:7d:2f,-98
a4:93:3f:61:87:a3,-74
a4:93:3f:61:87:a3,-74
a4:93:3f:61:87:a3,-74
a4:93:3f:61:87:a3,-98
98:e0:d9:80:f3:ed,-96
98:e0:d9:80:f3:ed,-98
98:e0:d9:80:f3:ed,-98
98:e0:d9:80:f3:ed,-98
96:d2:88:8b:12:7e,-76
96:d2:88:8b:12:7e,-68
96:d2:88:8b:12:7e,-68
96:d2:88:8b:12:7e,-72
4e:24:0c:43:66:e6,-98
4e:24:0c:43:66:e6,-90
88:b4:a6:0c:89:3d,-74
e8:2a:ea:49:83:1a,-98
e8:2a:ea:49:83:1a,-98
48:f1:7f:64:69:9b,-74
00:28:f8:3f:cc:8a,-44
00:28:f8:3f:cc:8a,-50
00:28:f8:3f:cc:8a,-44
00:28:f8:3f:cc:8a,-40
00:28:f8:3f:cc:8a,-50
60:36:dd:96:86:8d,-98
62:02:f9:00:6b:33,-74
62:02:f9:00:6b:33,-74
dc:53:60:9e:76:e0,-74
dc:53:60:9e:76:e0,-74
dc:53:60:9e:76:e0,-94
56:19:ff:a7:06:83,-98
56:19:ff:a7:06:83,-88
56:19:ff:a7:06:83,-88
56:19:ff:a7:06:83,-94
24:ee:9a:7f:39:ba,-74
24:ee:9a:7f:39:ba,-72
24:ee:9a:7f:39:ba,-72
24:ee:9a:7f:39:ba,-74
24:ee:9a:7f:39:ba,-94
62:11:07:7f:71:f4,-98
42:3c:19:b2:26:e8,-74
42:3c:19:b2:26:e8,-74
42:3c:19:b2:26:e8,-68
42:3c:19:b2:26:e8,-70
42:3c:19:b2:26:e8,-68
00:28:f8:3f:cc:8a,-50
00:28:f8:3f:cc:8a,-50
00:28:f8:3f:cc:8a,-50
00:28:f8:3f:cc:8a,-68
ba:00:43:4a:bc:c1,-98
ba:00:43:4a:bc:c1,-98
ba:00:43:4a:bc:c1,-98
ba:00:43:4a:bc:c1,-88
ba:00:43:4a:bc:c1,-74
ba:00:43:4a:bc:c1,-98
96:23:05:63:2a:52,-72
96:23:05:63:2a:52,-68
96:23:05:63:2a:52,-68
96:23:05:63:2a:52,-62
96:23:05:63:2a:52,-68
98:22:ef:c6:1a:e7,-98
98:22:ef:c6:1a:e7,-98
48:f1:7f:64:69:9b,-68
48:f1:7f:64:69:9b,-74
48:f1:7f:64:69:9b,-68
48:f1:7f:64:69:9b,-68
48:f1:7f:64:69:9b,-74
dc:53:60:9e:76:e0,-74
dc:53:60:9e:76:e0,-74
dc:53:60:9e:76:e0,-74
de:32:bb:1e:30:05,-74
de:32:bb:1e:30:05,-74
de:32:bb:1e:30:05,-72
de:32:bb:1e:30:05,-68
de:32:bb:1e:30:05,-72
de:32:bb:1e:30:05,-72
de:32:bb:1e:30:05,-98
88:b4:a6:0c:e4:9f,-74
88:b4:a6:0c:e4:9f,-74
88:b4:a6:0c:e4:9f,-80
88:b4:a6:0c:e4:9f,-74
88:b4:a6:0c:e4:9f,-74
88:b4:a6:0c:e4:9f,-74
88:b4:a6:0c:e4:9f,-74
88:b4:a6:0c:e4:9f,-74
88:b4:a6:0c:e4:9f,-76
88:b4:a6:0c:e4:9f,-74
88:b4:a6:0c:e4:9f,-84
88:b4:a6:0c:e4:9f,-98
52:ac:e0:6a:53:de,-98
e6:84:f4:38:26:d1,-68
e6:84:f4:38:26:d1,-62
e6:84:f4:38:26:d1,-62
e6:84:f4:38:26:d1,-68
e6:84:f4:38:26:d1,-68
e6:84:f4:38:26:d1,-68
e6:84:f4:38:26:d1,-62
d6:27:23:cb:17:87,-98
30:75:12:7f:f9:67,-68
30:75:12:7f:f9:67,-68
30:75:12:7f:f9:67,-62
30:75:12:7f:f9:67,-62
30:75:12:7f:f9:67,-56
54:60:09:ee:82:bc,-98
54:60:09:ee:82:bc,-98
54:60:09:ee:82:bc,-98
54:60:09:ee:82:bc,-98
30:75:12:7f:f9:67,-56
30:75:12:7f:f9:67,-56
00:28:f8:3f:cc:8a,-50
00:28:f8:3f:cc:8a,-50
00:28:f8:3f:cc:8a,-44
00:28:f8:3f:cc:8a,-44
00:28:f8:3f:cc:8a,-56
da:ed:e2:03:31:cf,-74
88:b4:a6:95:49:fd,-74
da:ed:e2:03:31:cf,-74
da:ed:e2:03:31:cf,-84
da:ed:e2:03:31:cf,-74
da:ed:e2:03:31:cf,-98
88:b4:a6:a6:23:0e,-68
88:b4:a6:94:da:c5,-74
e8:2a:ea:49:83:1a,-74
e8:2a:ea:49:83:1a,-74
42:3c:19:b2:26:e8,-78
42:3c:19:b2:26:e8,-74
42:3c:19:b2:26:e8,-74
42:3c:19:b2:26:e8,-74
42:3c:19:b2:26:e8,-74
42:3c:19:b2:26:e8,-74
42:3c:19:b2:26:e8,-74
2e:8f:d0:c6:84:c3,-84
2e:8f:d0:c6:84:c3,-86
2e:8f:d0:c6:84:c3,-74
2e:8f:d0:c6:84:c3,-74
2e:8f:d0:c6:84:c3,-74
2e:8f:d0:c6:84:c3,-72
2e:8f:d0:c6:84:c3,-74
2e:8f:d0:c6:84:c3,-94
2e:8f:d0:c6:84:c3,-86
40:83:1d:10:08:80,-56
40:83:1d:10:08:80,-56
40:83:1d:10:08:80,-50
40:83:1d:10:08:80,-50
40:83:1d:10:08:80,-50
40:83:1d:10:08:80,-50
48:f1:7f:64:69:9b,-70
40:83:1d:10:08:80,-60
40:83:1d:10:08:80,-56
98:22:ef:c6:1a:e7,-98
48:f1:7f:64:69:9b,-74
1e:69:16:b8:3b:6c,-74
1e:69:16:b8:3b:6c,-72
1e:69:16:b8:3b:6c,-68
1e:69:16:b8:3b:6c,-72
1e:69:16:b8:3b:6c,-74
a4:93:3f:61:87:a3,-74
d6:11:98:88:75:97,-70
1e:69:16:b8:3b:6c,-68
d6:11:98:88:75:97,-68
a4:93:3f:61:87:a3,-74
d6:11:98:88:75:97,-68
1e:69:16:b8:3b:6c,-82
a4:93:3f:61:87:a3,-72
a4:93:3f:61:87:a3,-74
b2:b6:42:25:ed:36,-68
b2:b6:42:25:ed:36,-68
a4:93:3f:61:87:a3,-74
a4:93:3f:61:87:a3,-74
a4:93:3f:61:87:a3,-98
dc:53:60:9e:76:e0,-74
dc:53:60:9e:76:e0,-68
dc:53:60:9e:76:e0,-72
dc:53:60:9e:76:e0,-74
ee:69:f7:e4:67:2c,-98
30:74:96:e2:25:01,-74
ee:69:f7:e4:67:2c,-98
30:74:96:e2:25:01,-74
ee:69:f7:e4:67:2c,-98
f6:b9:1e:d2:ce:73,-76
f6:b9:1e:d2:ce:73,-76
f6:b9:1e:d2:ce:73,-70
30:74:96:e2:25:01,-44
30:74:96:e2:25:01,-44
30:74:96:e2:25:01,-38
30:74:96:e2:25:01,-40
30:74:96:e2:25:01,-38
30:74:96:e2:25:01,-38
30:74:96:e2:25:01,-34
30:74:96:e2:25:01,-34
98:e0:d9:80:f3:ed,-98
c2:15:d8:98:db:cf,-62
4a:c2:1a:5f:cf:34,-96
c2:15:d8:98:db:cf,-68
4a:c2:1a:5f:cf:34,-70
4a:c2:1a:5f:cf:34,-72
4a:c2:1a:5f:cf:34,-68
22:0c:46:63:73:5a,-98
22:0c:46:63:73:5a,-74
22:0c:46:63:73:5a,-68
22:0c:46:63:73:5a,-74
22:0c:46:63:73:5a,-68
22:0c:46:63:73:5a,-74
22:0c:46:63:73:5a,-72
da:a1:19:58:81:07,-74
da:a1:19:58:81:07,-76
24:41:8c:76:0a:6b,-98
da:a1:19:58:81:07,-70
da:a1:19:58:81:07,-62
da:a1:19:58:81:07,-64
da:a1:19:58:81:07,-64
28:b2:bd:a8:37:de,-74
00:28:f8:3f:cc:8a,-98
00:28:f8:3f:cc:8a,-44
00:28:f8:3f:cc:8a,-44
24:18:1d:4a:34:9c,-98
24:18:1d:4a:34:9c,-98
22:0c:46:63:73:5a,-68
22:0c:46:63:73:5a,-68
e8:2a:ea:49:83:1a,-98
06:0b:e2:0d:53:ea,-98
e8:2a:ea:49:83:1a,-98
e8:2a:ea:49:83:1a,-98
6e:9b:1e:3d:47:6f,-98
d6:b1:b1:fd:64:0f,-74
d6:b1:b1:fd:64:0f,-70
d6:b1:b1:fd:64:0f,-74
d6:b1:b1:fd:64:0f,-74
ea:a7:57:fa:d8:d3,-86
ea:a7:57:fa:d8:d3,-74
ea:a7:57:fa:d8:d3,-74
ea:a7:57:fa:d8:d3,-74
ea:a7:57:fa:d8:d3,-98
d2:60:6c:55:10:d3,-74
d2:60:6c:55:10:d3,-68
d2:60:6c:55:10:d3,-68
d2:60:6c:55:10:d3,-62
d2:60:6c:55:10:d3,-68
d2:60:6c:55:10:d3,-68
d2:60:6c:55:10:d3,-68
e4:70:b8:16:bb:88,-98
e4:70:b8:16:bb:88,-98
58:fb:84:59:a7:18,-98
e4:70:b8:16:bb:88,-98
e0:33:8e:1f:fd:84,-98
da:a1:19:66:ec:d2,-90
da:a1:19:66:ec:d2,-92
48:f1:7f:64:69:9b,-74
48:f1:7f:64:69:9b,-68
dc:53:60:9e:76:e0,-74
dc:53:60:9e:76:e0,-74
dc:53:60:9e:76:e0,-74
dc:53:60:9e:76:e0,-74
58:fb:84:59:a7:18,-98
98:22:ef:c6:1a:e7,-98
b6:6a:70:fe:f7:1b,-98
b6:6a:70:fe:f7:1b,-98
b6:6a:70:fe:f7:1b,-98
b6:6a:70:fe:f7:1b,-98
b6:6a:70:fe:f7:1b,-98
b6:6a:70:fe:f7:1b,-98
b6:6a:70:fe:f7:1b,-98
da:a1:19:58:81:07,-68
da:a1:19:58:81:07,-66
da:a1:19:58:81:07,-66
9e:be:0d:69:e2:fc,-74
da:a1:19:58:81:07,-68
9e:be:0d:69:e2:fc,-76
da:a1:19:58:81:07,-68
9e:be:0d:69:e2:fc,-98
da:a1:19:58:81:07,-68
9e:be:0d:69:e2:fc,-88
da:a1:19:58:81:07,-74
da:a1:19:58:81:07,-74
9e:be:0d:69:e2:fc,-74
da:a1:19:a5:c4:25,-98
da:a1:19:a5:c4:25,-98
da:a1:19:a5:c4:25,-80
da:a1:19:a5:c4:25,-98
da:a1:19:a5:c4:25,-98
da:a1:19:a5:c4:25,-98
da:a1:19:58:81:07,-74
da:a1:19:a5:c4:25,-98
da:a1:19:a5:c4:25,-98
da:a1:19:a5:c4:25,-98
da:a1:19:58:81:07,-74
da:a1:19:58:81:07,-74
da:a1:19:a5:c4:25,-82
da:a1:19:58:81:07,-70
c2:16:49:87:11:c8,-98
26:c7:f4:4f:6a:81,-84
26:c7:f4:4f:6a:81,-88
26:c7:f4:4f:6a:81,-98
26:c7:f4:4f:6a:81,-98
6a:b9:e4:53:54:b0,-62
6a:b9:e4:53:54:b0,-62
6a:b9:e4:53:54:b0,-62
6a:b9:e4:53:54:b0,-68
0e:2e:e6:35:aa:78,-96
0e:2e:e6:35:aa:78,-98
00:28:f8:3f:cc:8a,-44
00:28:f8:3f:cc:8a,-50
00:28:f8:3f:cc:8a,-40
00:28:f8:3f:cc:8a,-56
06:43:91:0a:03:8f,-86
06:43:91:0a:03:8f,-74
06:43:91:0a:03:8f,-74
06:43:91:0a:03:8f,-74
06:43:91:0a:03:8f,-74
06:43:91:0a:03:8f,-98
06:43:91:0a:03:8f,-98
ea:f2:27:b9:b4:6b,-98
96:d2:88:8b:12:7e,-70
96:d2:88:8b:12:7e,-68
96:d2:88:8b:12:7e,-68
96:d2:88:8b:12:7e,-74
e8:2a:ea:49:83:1a,-98
7a:83:43:2f:d7:22,-76
7a:83:43:2f:d7:22,-74
7a:83:43:2f:d7:22,-74
7a:83:43:2f:d7:22,-98
1e:8f:dd:d3:fb:64,-98
dc:53:60:9e:76:e0,-94
dc:53:60:9e:76:e0,-74
dc:53:60:9e:76:e0,-74
dc:53:60:9e:76:e0,-98
48:f1:7f:64:69:9b,-74
48:f1:7f:64:69:9b,-74
48:f1:7f:64:69:9b,-74
48:f1:7f:64:69:9b,-98
f0:78:07:c6:f3:55,-98
56:19:ff:a7:06:83,-74
56:19:ff:a7:06:83,-96
56:19:ff:a7:06:83,-98
98:22:ef:c6:1a:e7,-98
a4:93:3f:61:87:a3,-76
a4:93:3f:61:87:a3,-74
a4:93:3f:61:87:a3,-74
a4:93:3f:61:87:a3,-74
a4:93:3f:61:87:a3,-74
a4:93:3f:61:87:a3,-74
a4:93:3f:61:87:a3,-84
96:23:05:63:2a:52,-62
96:23:05:63:2a:52,-62
96:23:05:63:2a:52,-64
96:23:05:63:2a:52,-62
96:23:05:63:2a:52,-70
b2:0d:1a:cc:b1:5c,-98
b2:0d:1a:cc:b1:5c,-96
9a:f2:97:8e:a2:71,-88
00:28:f8:3f:cc:8a,-44
9a:f2:97:8e:a2:71,-98
f0:78:07:c6:f3:55,-78
9a:f2:97:8e:a2:71,-98
f0:78:07:c6:f3:55,-98
00:28:f8:3f:cc:8a,-50
00:28:f8:3f:cc:8a,-56
e4:70:b8:16:bb:88,-98
e4:70:b8:16:bb:88,-98
e4:70:b8:16:bb:88,-98
e4:70:b8:16:bb:88,-98
e4:70:b8:16:bb:88,-98
e4:70:b8:16:bb:88,-98
da:a1:19:00:a1:36,-70
da:a1:19:00:a1:36,-68
da:a1:19:00:a1:36,-68
da:a1:19:00:a1:36,-68
da:a1:19:00:a1:36,-68
da:a1:19:00:a1:36,-68
da:a1:19:00:a1:36,-74
ce:0b:d3:a1:70:76,-98
ce:0b:d3:a1:70:76,-98
dc:53:60:9e:76:e0,-74
dc:53:60:9e:76:e0,-92
da:a1:19:00:a1:36,-74
da:a1:19:00:a1:36,-74
da:a1:19:00:a1:36,-72
c6:66:7f:75:92:62,-90
c6:66:7f:75:92:62,-98
48:f1:7f:64:69:9b,-68
48:f1:7f:64:69:9b,-74
48:f1:7f:64:69:9b,-66
48:f1:7f:64:69:9b,-68
48:f1:7f:64:69:9b,-74
e2:2f:70:ad:2f:f0,-96
60:36:dd:96:86:8d,-98
60:36:dd:96:86:8d,-98
72:52:8b:40:d0:c5,-56
26:53:a3:d0:3c:84,-44
26:53:a3:d0:3c:84,-48
26:53:a3:d0:3c:84,-48
26:53:a3:d0:3c:84,-56
26:53:a3:d0:3c:84,-56
26:53:a3:d0:3c:84,-56
98:22:ef:c6:1a:e7,-98
66:e1:44:85:b4:de,-90
66:e1:44:85:b4:de,-74
66:e1:44:85:b4:de,-88
66:e1:44:85:b4:de,-78
ee:98:28:4b:df:58,-74
ee:98:28:4b:df:58,-90
48:d7:05:b5:19:8f,-98
48:d7:05:b5:19:8f,-98
9e:be:0d:69:e2:fc,-80
9e:be:0d:69:e2:fc,-96
9e:be:0d:69:e2:fc,-88
9e:be:0d:69:e2:fc,-90
9e:be:0d:69:e2:fc,-98
e2:64:6a:f2:1a:6b,-74
e2:64:6a:f2:1a:6b,-98
e2:64:6a:f2:1a:6b,-78
02:37:60:c8:e3:d0,-74
02:37:60:c8:e3:d0,-74
02:37:60:c8:e3:d0,-74
02:37:60:c8:e3:d0,-74
88:b4:a6:d1:17:cb,-74
02:37:60:c8:e3:d0,-68
88:b4:a6:e2:5f:13,-68
02:37:60:c8:e3:d0,-74
88:b4:a6:c4:0a:be,-61
00:28:f8:3f:cc:8a,-50
00:28:f8:3f:cc:8a,-44
00:28:f8:3f:cc:8a,-44
88:b4:a6:63:e0:94,-68
00:28:f8:3f:cc:8a,-60
a2:23:31:78:cd:9d,-94
a2:23:31:78:cd:9d,-74
82:0e:0e:89:ed:cd,-90
82:0e:0e:89:ed:cd,-84
82:0e:0e:89:ed:cd,-74
82:44:88:64:d7:5d,-96
ee:6b:bc:da:77:82,-74
ee:6b:bc:da:77:82,-74
ee:6b:bc:da:77:82,-76
ee:6b:bc:da:77:82,-74
a4:93:3f:61:87:a3,-98
ee:69:f7:e4:67:2c,-98
a4:93:3f:61:87:a3,-74
ee:69:f7:e4:67:2c,-94
ee:69:f7:e4:67:2c,-98
a4:93:3f:61:87:a3,-72
a4:93:3f:61:87:a3,-98
6a:28:ba:7c:fc:79,-98
dc:53:60:9e:76:e0,-98
dc:53:60:9e:76:e0,-74
dc:53:60:9e:76:e0,-98
c2:15:d8:98:db:cf,-80
c2:15:d8:98:db:cf,-74
c2:15:d8:98:db:cf,-98
52:f3:cf:cb:34:43,-98
48:f1:7f:64:69:9b,-74
48:f1:7f:64:69:9b,-74
48:f1:7f:64:69:9b,-78
2e:0e:5c:a5:e3:9d,-98
2e:0e:5c:a5:e3:9d,-98
00:e1:8c:ef:12:53,-98
56:32:07:c7:0f:ba,-74
56:32:07:c7:0f:ba,-98
56:32:07:c7:0f:ba,-74
56:32:07:c7:0f:ba,-74
86:1a:4a:dc:c8:52,-98
56:32:07:c7:0f:ba,-74
b2:b6:42:25:ed:36,-68
b2:b6:42:25:ed:36,-66
b2:b6:42:25:ed:36,-94
82:0e:0e:89:ed:cd,-68
82:0e:0e:89:ed:cd,-68
d6:53:97:67:f6:7e,-98
d6:53:97:67:f6:7e,-98
2e:0e:5c:a5:e3:9d,-98
e6:e0:e6:7e:a9:e2,-98
e6:e0:e6:7e:a9:e2,-98
b6:4e:ed:25:7b:99,-62
b6:4e:ed:25:7b:99,-62
98:22:ef:c6:1a:e7,-98
98:22:ef:c6:1a:e7,-98
b6:4e:ed:25:7b:99,-62
b6:4e:ed:25:7b:99,-68
00:28:f8:3f:cc:8a,-44
00:28:f8:3f:cc:8a,-96
00:28:f8:3f:cc:8a,-44
00:28:f8:3f:cc:8a,-44
00:28:f8:3f:cc:8a,-50
b6:ba:4f:ca:fd:26,-74
b6:ba:4f:ca:fd:26,-74
b6:ba:4f:ca:fd:26,-72
b6:ba:4f:ca:fd:26,-74
16:8c:27:e9:52:23,-94
16:8c:27:e9:52:23,-74
16:8c:27:e9:52:23,-94
c2:dc:c8:85:6a:dd,-98
c2:dc:c8:85:6a:dd,-98
f2:54:50:42:fe:5b,-98
66:23:e9:25:64:4e,-90
66:23:e9:25:64:4e,-74
66:23:e9:25:64:4e,-98
66:23:e9:25:64:4e,-76
b6:c8:11:c5:dc:a8,-98
b6:c8:11:c5:dc:a8,-98
92:d8:ee:32:42:0e,-98
92:d8:ee:32:42:0e,-98
5e:7d:4f:db:1c:0b,-98
5e:7d:4f:db:1c:0b,-84
c2:f1:29:95:9c:4e,-96
5e:7d:4f:db:1c:0b,-74
e8:2a:ea:49:83:1a,-98
5e:7d:4f:db:1c:0b,-74
5e:7d:4f:db:1c:0b,-98
6a:b9:e4:53:54:b0,-64
6a:b9:e4:53:54:b0,-62
6a:b9:e4:53:54:b0,-68
30:74:96:e2:25:01,-98
30:74:96:e2:25:01,-98
30:74:96:e2:25:01,-74
30:74:96:e2:25:01,-74
30:74:96:e2:25:01,-74
30:74:96:e2:25:01,-44
30:74:96:e2:25:01,-46
30:74:96:e2:25:01,-40
30:74:96:e2:25:01,-40
30:74:96:e2:25:01,-34
30:74:96:e2:25:01,-40
30:74:96:e2:25:01,-40
dc:53:60:9e:76:e0,-72
dc:53:60:9e:76:e0,-74
1a:d9:ba:fd:53:67,-98
1a:d9:ba:fd:53:67,-96
3a:73:41:8e:0d:c2,-98
3a:73:41:8e:0d:c2,-98
a2:a5:5b:5c:a9:f5,-98
24:18:1d:4a:34:9c,-98
48:f1:7f:64:69:9b,-68
48:f1:7f:64:69:9b,-68
48:f1:7f:64:69:9b,-68
48:f1:7f:64:69:9b,-74
2e:6b:26:51:0d:90,-98
24:41:8c:76:0a:6b,-82
ae:33:c3:07:66:3b,-98
ae:33:c3:07:66:3b,-74
ae:33:c3:07:66:3b,-88
28:b2:bd:a8:37:de,-78
28:b2:bd:a8:37:de,-74
28:b2:bd:a8:37:de,-74
b6:ba:4f:ca:fd:26,-98
b6:ba:4f:ca:fd:26,-74
b6:ba:4f:ca:fd:26,-74
b6:ba:4f:ca:fd:26,-72
00:28:f8:3f:cc:8a,-44
b6:ba:4f:ca:fd:26,-72
b6:ba:4f:ca:fd:26,-74
b6:ba:4f:ca:fd:26,-98
00:28:f8:3f:cc:8a,-44
00:28:f8:3f:cc:8a,-40
00:28:f8:3f:cc:8a,-50
96:d2:88:8b:12:7e,-74
96:d2:88:8b:12:7e,-68
96:d2:88:8b:12:7e,-68
96:d2:88:8b:12:7e,-68
98:22:ef:c6:1a:e7,-98
50:7a:c5:3d:6d:b1,-98
4e:b4:e3:3c:f1:a9,-98
22:89:93:20:70:53,-74
22:89:93:20:70:53,-98
22:89:93:20:70:53,-98
22:89:93:20:70:53,-98
2e:84:be:f2:9e:17,-82
2e:84:be:f2:9e:17,-90
7e:a6:02:87:b1:b7,-90
7e:a6:02:87:b1:b7,-96
da:a1:19:66:ec:d2,-74
da:a1:19:66:ec:d2,-74
da:a1:19:66:ec:d2,-74
da:a1:19:66:ec:d2,-98
ce:2c:6c:60:eb:58,-98
ce:2c:6c:60:eb:58,-98
58:fb:84:59:a7:18,-98
e2:ef:2f:47:12:ec,-98
e2:ef:2f:47:12:ec,-98
e8:2a:ea:49:83:1a,-82
82:2f:47:2b:44:d9,-62
82:2f:47:2b:44:d9,-56
82:2f:47:2b:44:d9,-60
dc:53:60:9e:76:e0,-92
dc:53:60:9e:76:e0,-74
78:4f:43:65:dd:bf,-88
78:4f:43:65:dd:bf,-86
78:4f:43:65:dd:bf,-90
2e:10:10:49:7a:0f,-98
da:a1:19:58:81:07,-98
da:a1:19:58:81:07,-98
d6:11:98:88:75:97,-88
d6:11:98:88:75:97,-74
48:f1:7f:64:69:9b,-74
da:a1:19:4c:84:13,-98
da:a1:19:4c:84:13,-98
da:a1:19:4c:84:13,-98
48:f1:7f:64:69:9b,-82
48:f1:7f:64:69:9b,-76
da:a1:19:4c:84:13,-98
48:f1:7f:64:69:9b,-98
28:b2:bd:a8:37:de,-98
00:28:f8:3f:cc:8a,-44
00:28:f8:3f:cc:8a,-50
00:28:f8:3f:cc:8a,-44
00:28:f8:3f:cc:8a,-56
f2:65:bc:81:64:c0,-96
f2:65:bc:81:64:c0,-96
f2:65:bc:81:64:c0,-98
f2:65:bc:81:64:c0,-98
f2:65:bc:81:64:c0,-98
86:d2:09:aa:b9:43,-74
86:d2:09:aa:b9:43,-90
86:d2:09:aa:b9:43,-90
86:d2:09:aa:b9:43,-98
86:d2:09:aa:b9:43,-98
86:d2:09:aa:b9:43,-98
86:d2:09:aa:b9:43,-90
86:d2:09:aa:b9:43,-94
86:d2:09:aa:b9:43,-98
da:a1:19:6b:5d:76,-74
da:a1:19:6b:5d:76,-74
da:a1:19:6b:5d:76,-98
98:22:ef:c6:1a:e7,-98
98:22:ef:c6:1a:e7,-98
98:22:ef:c6:1a:e7,-98
da:a1:19:77:26:15,-98
da:a1:19:77:26:15,-98
76:51:d2:d4:09:d4,-98
76:51:d2:d4:09:d4,-98
66:98:14:ac:63:a4,-56
66:98:14:ac:63:a4,-56
66:98:14:ac:63:a4,-56
66:98:14:ac:63:a4,-56
66:98:14:ac:63:a4,-56
aa:c1:78:52:2a:8f,-86
66:98:14:ac:63:a4,-58
66:98:14:ac:63:a4,-60
66:98:14:ac:63:a4,-68
66:98:14:ac:63:a4,-68
aa:c1:78:52:2a:8f,-90
5e:73:10:22:e6:98,-56
5e:73:10:22:e6:98,-56
da:85:40:05:3d:ba,-56
da:85:40:05:3d:ba,-50
da:85:40:05:3d:ba,-52
da:85:40:05:3d:ba,-56
9e:be:0d:69:e2:fc,-98
9e:be:0d:69:e2:fc,-98
9e:be:0d:69:e2:fc,-74
9e:8d:96:3b:a9:0b,-68
9e:be:0d:69:e2:fc,-74
9e:8d:96:3b:a9:0b,-62
9e:be:0d:69:e2:fc,-76
9e:be:0d:69:e2:fc,-88
dc:53:60:9e:76:e0,-74
dc:53:60:9e:76:e0,-74
06:80:84:71:55:e3,-74
06:80:84:71:55:e3,-74
06:80:84:71:55:e3,-74
d4:6d:6d:e2:a5:b3,-98
06:80:84:71:55:e3,-90
ee:98:28:4b:df:58,-98
ee:98:28:4b:df:58,-74
b8:7b:c5:7a:fd:47,-98
42:ad:f1:8a:99:b3,-86
66:2b:56:96:54:d6,-68
a4:93:3f:61:87:a3,-98
a4:93:3f:61:87:a3,-74
a4:93:3f:61:87:a3,-74
a4:93:3f:61:87:a3,-74
a4:93:3f:61:87:a3,-74
a4:93:3f:61:87:a3,-74
a4:93:3f:61:87:a3,-98
a4:93:3f:61:87:a3,-98
d2:b4:ad:f6:46:62,-74
d2:b4:ad:f6:46:62,-74
d2:b4:ad:f6:46:62,-74
d2:b4:ad:f6:46:62,-74
d2:b4:ad:f6:46:62,-68
d2:b4:ad:f6:46:62,-68
d2:b4:ad:f6:46:62,-88
98:e0:d9:80:f3:ed,-98
48:f1:7f:64:69:9b,-68
80:c5:f2:db:30:61,-98
48:f1:7f:64:69:9b,-98
88:b4:a6:8f:d5:c0,-74
16:a0:72:10:20:fd,-98
16:a0:72:10:20:fd,-74
16:a0:72:10:20:fd,-74
16:a0:72:10:20:fd,-74
16:a0:72:10:20:fd,-98
88:b4:a6:e3:97:4b,-68
88:b4:a6:e3:97:4b,-61
88:b4:a6:8c:09:bd,-68
88:b4:a6:85:cb:b6,-74
00:28:f8:3f:cc:8a,-50
00:28:f8:3f:cc:8a,-50
00:28:f8:3f:cc:8a,-44
ca:dd:6a:48:29:d7,-96
ca:dd:6a:48:29:d7,-98
ca:dd:6a:48:29:d7,-74
ca:dd:6a:48:29:d7,-74
ca:dd:6a:48:29:d7,-74
28:b2:bd:a8:37:de,-98
28:b2:bd:a8:37:de,-90
98:22:ef:c6:1a:e7,-98
da:a1:19:00:a1:36,-98
da:a1:19:00:a1:36,-74
da:a1:19:00:a1:36,-74
b2:b6:42:25:ed:36,-68
b2:b6:42:25:ed:36,-72
b2:b6:42:25:ed:36,-74
82:0e:0e:89:ed:cd,-68
82:0e:0e:89:ed:cd,-62
5a:6a:b3:3c:c4:9a,-80
5a:6a:b3:3c:c4:9a,-80
dc:53:60:9e:76:e0,-74
dc:53:60:9e:76:e0,-72
dc:53:60:9e:76:e0,-72
dc:53:60:9e:76:e0,-74
9a:fe:b3:ba:dc:f5,-98
88:28:b3:9e:fa:1a,-88
88:28:b3:9e:fa:1a,-96
88:28:b3:9e:fa:1a,-98
e8:2a:ea:49:83:1a,-82
ce:d1:25:18:ad:49,-62
ce:d1:25:18:ad:49,-62
36:5a:04:4b:36:d9,-74
fe:0d:45:12:61:44,-70
fe:0d:45:12:61:44,-74
fe:0d:45:12:61:44,-74
fe:0d:45:12:61:44,-98
fe:0d:45:12:61:44,-74
fe:0d:45:12:61:44,-72
fe:0d:45:12:61:44,-98
16:a9:d7:8f:89:22,-62
16:a9:d7:8f:89:22,-58
16:a9:d7:8f:89:22,-56
16:a9:d7:8f:89:22,-56
c6:d6:17:96:7a:83,-74
00:28:f8:3f:cc:8a,-56
00:28:f8:3f:cc:8a,-98
00:28:f8:3f:cc:8a,-44
00:28:f8:3f:cc:8a,-42
00:28:f8:3f:cc:8a,-44
00:28:f8:3f:cc:8a,-58
48:f1:7f:64:69:9b,-68
60:36:dd:96:86:8d,-94
60:36:dd:96:86:8d,-98
60:36:dd:96:86:8d,-98
48:f1:7f:64:69:9b,-74
48:f1:7f:64:69:9b,-82
16:a7:c4:75:8b:15,-90
f6:d1:aa:09:38:22,-74
f6:d1:aa:09:38:22,-76
f6:d1:aa:09:38:22,-98
f6:d1:aa:09:38:22,-98
f6:d1:aa:09:38:22,-98
f6:d1:aa:09:38:22,-98
f6:d1:aa:09:38:22,-98
f6:d1:aa:09:38:22,-98
f0:78:07:c6:f3:55,-88
f0:78:07:c6:f3:55,-74
f0:78:07:c6:f3:55,-76
f0:78:07:c6:f3:55,-74
f0:78:07:c6:f3:55,-98
f0:78:07:c6:f3:55,-98
8a:86:da:fa:49:71,-98
8a:86:da:fa:49:71,-98
f0:78:07:c6:f3:55,-74
f0:78:07:c6:f3:55,-72
f0:78:07:c6:f3:55,-74
f0:78:07:c6:f3:55,-72
f0:78:07:c6:f3:55,-72
f0:78:07:c6:f3:55,-74
f0:78:07:c6:f3:55,-74
dc:53:60:9e:76:e0,-74
98:22:ef:c6:1a:e7,-98
dc:53:60:9e:76:e0,-74
dc:53:60:9e:76:e0,-72
98:22:ef:c6:1a:e7,-98
98:22:ef:c6:1a:e7,-98
dc:53:60:9e:76:e0,-74
dc:53:60:9e:76:e0,-96
b6:ba:4f:ca:fd:26,-98
b6:ba:4f:ca:fd:26,-74
b6:ba:4f:ca:fd:26,-74
b6:ba:4f:ca:fd:26,-74
b6:ba:4f:ca:fd:26,-74
b6:ba:4f:ca:fd:26,-98
b6:ba:4f:ca:fd:26,-98
88:b4:a6:0c:e4:9f,-68
88:b4:a6:0c:e4:9f,-68
b6:ba:4f:ca:fd:26,-98
88:b4:a6:0c:e4:9f,-68
88:b4:a6:0c:e4:9f,-56
88:b4:a6:0c:e4:9f,-58
88:b4:a6:0c:e4:9f,-56
88:b4:a6:0c:e4:9f,-56
88:b4:a6:0c:e4:9f,-56
88:b4:a6:0c:e4:9f,-62
88:b4:a6:0c:e4:9f,-62
88:b4:a6:0c:e4:9f,-62
88:b4:a6:0c:e4:9f,-62
88:b4:a6:0c:e4:9f,-68
88:b4:a6:0c:e4:9f,-68
88:b4:a6:0c:e4:9f,-68
88:b4:a6:0c:e4:9f,-68
0a:ea:bc:46:61:1f,-90
0a:ea:bc:46:61:1f,-80
e8:2a:ea:49:83:1a,-98
e8:2a:ea:49:83:1a,-98
c2:f1:29:95:9c:4e,-98
e6:85:a9:3f:98:36,-98
e6:85:a9:3f:98:36,-98
a4:c4:94:40:a8:e4,-98
44:18:fd:73:cd:5c,-98
44:18:fd:73:cd:5c,-98
92:31:1c:49:74:5a,-62
92:31:1c:49:74:5a,-52
92:31:1c:49:74:5a,-50
92:31:1c:49:74:5a,-50
92:31:1c:49:74:5a,-56
30:75:12:7f:f9:67,-62
30:75:12:7f:f9:67,-62
30:75:12:7f:f9:67,-62
30:75:12:7f:f9:67,-62
30:75:12:7f:f9:67,-66
34:02:86:ee:71:59,-98
00:28:f8:3f:cc:8a,-44
00:28:f8:3f:cc:8a,-50
00:28:f8:3f:cc:8a,-44
00:28:f8:3f:cc:8a,-56
88:b4:a6:3d:ba:6e,-84
88:b4:a6:f5:72:26,-90
88:b4:a6:f5:72:26,-64
a6:14:51:23:a8:c5,-98
48:f1:7f:64:69:9b,-68
48:f1:7f:64:69:9b,-68
48:f1:7f:64:69:9b,-62
48:f1:7f:64:69:9b,-68
48:f1:7f:64:69:9b,-74
10:4a:7d:6b:dd:0c,-68
10:4a:7d:6b:dd:0c,-68
10:4a:7d:6b:dd:0c,-56
10:4a:7d:6b:dd:0c,-56
10:4a:7d:6b:dd:0c,-56
10:4a:7d:6b:dd:0c,-56
10:4a:7d:6b:dd:0c,-56
48:d7:05:b5:19:8f,-98
48:d7:05:b5:19:8f,-98
36:64:33:27:95:7a,-74
36:64:33:27:95:7a,-74
36:64:33:27:95:7a,-68
36:64:33:27:95:7a,-68
36:64:33:27:95:7a,-68
36:64:33:27:95:7a,-64
36:64:33:27:95:7a,-68
36:64:33:27:95:7a,-68
36:64:33:27:95:7a,-74
36:64:33:27:95:7a,-74
5a:e3:03:0b:82:c7,-84
5a:e3:03:0b:82:c7,-76
0a:ae:62:b6:fd:4c,-98
0a:ae:62:b6:fd:4c,-94
0a:ae:62:b6:fd:4c,-68
0a:ae:62:b6:fd:4c,-68
0a:ae:62:b6:fd:4c,-72
0a:ae:62:b6:fd:4c,-68
0a:ae:62:b6:fd:4c,-70
a6:94:18:8e:15:60,-98
30:74:96:e2:25:01,-98
30:74:96:e2:25:01,-68
a6:94:18:8e:15:60,-98
30:74:96:e2:25:01,-68
30:74:96:e2:25:01,-68
a6:94:18:8e:15:60,-98
a6:94:18:8e:15:60,-94
a6:94:18:8e:15:60,-98
30:74:96:e2:25:01,-38
8c:83:e1:71:c9:38,-98
30:74:96:e2:25:01,-38
30:74:96:e2:25:01,-34
8c:83:e1:71:c9:38,-98
30:74:96:e2:25:01,-34
30:74:96:e2:25:01,-28
30:74:96:e2:25:01,-30
30:74:96:e2:25:01,-28
30:74:96:e2:25:01,-28
30:74:96:e2:25:01,-34
30:74:96:e2:25:01,-34
da:a1:19:e3:87:0e,-86
da:a1:19:e3:87:0e,-84
da:a1:19:e3:87:0e,-74
da:a1:19:e3:87:0e,-74
da:a1:19:e3:87:0e,-70
da:a1:19:e3:87:0e,-74
f6:0c:e0:26:a2:91,-74
f6:0c:e0:26:a2:91,-74
f6:0c:e0:26:a2:91,-68
f6:0c:e0:26:a2:91,-68
f6:0c:e0:26:a2:91,-72
f6:0c:e0:26:a2:91,-76
10:4a:7d:6c:0e:5d,-98
dc:53:60:9e:76:e0,-98
98:22:ef:c6:1a:e7,-98
98:22:ef:c6:1a:e7,-98
e8:2a:ea:49:83:1a,-74
e8:2a:ea:49:83:1a,-74
e8:2a:ea:49:83:1a,-74
d6:11:98:88:75:97,-74
d6:11:98:88:75:97,-72
d6:11:98:88:75:97,-68
da:a1:19:58:81:07,-74
d6:11:98:88:75:97,-68
d6:11:98:88:75:97,-70
da:a1:19:58:81:07,-68
da:a1:19:58:81:07,-72
da:a1:19:58:81:07,-72
da:a1:19:58:81:07,-98
00:28:f8:3f:cc:8a,-44
00:28:f8:3f:cc:8a,-50
00:28:f8:3f:cc:8a,-44
00:28:f8:3f:cc:8a,-44
00:28:f8:3f:cc:8a,-56
ee:98:28:4b:df:58,-98
ee:98:28:4b:df:58,-98
28:b2:bd:a8:37:de,-94
86:09:dc:89:96:0b,-74
28:b2:bd:a8:37:de,-74
86:09:dc:89:96:0b,-68
86:09:dc:89:96:0b,-68
86:09:dc:89:96:0b,-74
86:09:dc:89:96:0b,-74
86:09:dc:89:96:0b,-74
86:09:dc:89:96:0b,-74
dc:08:0f:52:24:6b,-96
dc:08:0f:52:24:6b,-98
dc:08:0f:52:24:6b,-98
24:41:8c:76:0a:6b,-84
24:41:8c:76:0a:6b,-74
da:a1:19:66:ec:d2,-98
da:a1:19:66:ec:d2,-88
da:a1:19:58:81:07,-68
da:a1:19:66:ec:d2,-88
da:a1:19:58:81:07,-68
da:a1:19:66:ec:d2,-76
da:a1:19:58:81:07,-68
da:a1:19:66:ec:d2,-96
da:a1:19:58:81:07,-68
da:a1:19:58:81:07,-74
da:a1:19:58:81:07,-72
da:a1:19:58:81:07,-98
48:f1:7f:64:69:9b,-74
1e:52:88:b6:ed:d8,-98
1e:52:88:b6:ed:d8,-98
2e:6e:51:1f:2b:af,-98
40:83:1d:10:08:80,-50
40:83:1d:10:08:80,-50
40:83:1d:10:08:80,-44
e6:47:b6:73:12:6f,-68
40:83:1d:10:08:80,-40
e6:47:b6:73:12:6f,-68
40:83:1d:10:08:80,-50
40:83:1d:10:08:80,-44
40:83:1d:10:08:80,-56
0a:09:95:8a:c7:f8,-74
0a:09:95:8a:c7:f8,-74
0a:09:95:8a:c7:f8,-62
0a:09:95:8a:c7:f8,-56
0a:09:95:8a:c7:f8,-68
0a:09:95:8a:c7:f8,-68
58:fb:84:59:a7:18,-98
da:a1:19:58:81:07,-70
da:a1:19:58:81:07,-74
da:a1:19:58:81:07,-74
26:55:04:3d:57:63,-98
26:55:04:3d:57:63,-98
26:55:04:3d:57:63,-74
bc:a8:a6:9f:e0:ca,-98
bc:a8:a6:9f:e0:ca,-98
26:55:04:3d:57:63,-96
26:55:04:3d:57:63,-96
dc:53:60:9e:76:e0,-68
dc:53:60:9e:76:e0,-68
dc:53:60:9e:76:e0,-68
92:87:f9:1e:29:12,-62
92:87:f9:1e:29:12,-58
24:18:1d:4a:34:9c,-98
92:87:f9:1e:29:12,-58
92:87:f9:1e:29:12,-64
92:87:f9:1e:29:12,-68
dc:53:60:9e:76:e0,-74
92:87:f9:1e:29:12,-74
e8:2a:ea:49:83:1a,-98
e8:2a:ea:49:83:1a,-96
e8:2a:ea:49:83:1a,-98
ba:d9:e3:e2:b6:36,-72
ba:d9:e3:e2:b6:36,-72
48:d7:05:b5:19:8f,-98
48:d7:05:b5:19:8f,-98
48:d7:05:b5:19:8f,-98
00:28:f8:3f:cc:8a,-44
00:28:f8:3f:cc:8a,-56
00:28:f8:3f:cc:8a,-48
00:28:f8:3f:cc:8a,-48
00:28:f8:3f:cc:8a,-56
ae:11:c4:df:5e:3a,-74
ae:11:c4:df:5e:3a,-82
ae:11:c4:df:5e:3a,-86
ae:11:c4:df:5e:3a,-76
ae:11:c4:df:5e:3a,-74
ae:11:c4:df:5e:3a,-76
ae:11:c4:df:5e:3a,-74
ae:11:c4:df:5e:3a,-74
ae:11:c4:df:5e:3a,-92
ae:11:c4:df:5e:3a,-96
3a:f7:11:81:f0:31,-74
3a:f7:11:81:f0:31,-98
12:f5:db:a3:7b:34,-68
aa:f1:ea:84:19:71,-68
da:a1:19:58:81:07,-68
a2:72:85:92:68:b0,-98
da:a1:19:58:81:07,-68
da:a1:19:58:81:07,-68
96:d2:88:8b:12:7e,-90
da:a1:19:58:81:07,-74
da:a1:19:58:81:07,-98
96:d2:88:8b:12:7e,-80
da:a1:19:58:81:07,-98
96:d2:88:8b:12:7e,-96
a2:4e:10:25:57:c1,-98
a2:4e:10:25:57:c1,-96
a2:4e:10:25:57:c1,-74
a2:4e:10:25:57:c1,-74
a2:4e:10:25:57:c1,-74
a2:4e:10:25:57:c1,-68
ae:11:c4:df:5e:3a,-98
f6:e7:66:60:1f:03,-66
f6:e7:66:60:1f:03,-64
f6:e7:66:60:1f:03,-64
9e:57:dd:db:48:75,-62
f6:e7:66:60:1f:03,-64
46:82:43:36:aa:cb,-94
9e:57:dd:db:48:75,-56
9e:57:dd:db:48:75,-56
f6:e7:66:60:1f:03,-62
9e:57:dd:db:48:75,-62
46:82:43:36:aa:cb,-94
f6:e7:66:60:1f:03,-68
46:82:43:36:aa:cb,-92
9e:57:dd:db:48:75,-62
f6:e7:66:60:1f:03,-70
9e:57:dd:db:48:75,-68
9e:57:dd:db:48:75,-68
46:82:43:36:aa:cb,-80
46:82:43:36:aa:cb,-80
46:82:43:36:aa:cb,-98
46:82:43:36:aa:cb,-90
48:f1:7f:64:69:9b,-68
46:82:43:36:aa:cb,-82
da:07:b3:42:ff:78,-62
48:f1:7f:64:69:9b,-74
48:f1:7f:64:69:9b,-68
48:f1:7f:64:69:9b,-68
da:a1:19:0a:c2:35,-98
da:a1:19:0a:c2:35,-98
62:d3:12:97:a4:82,-74
62:d3:12:97:a4:82,-76
62:d3:12:97:a4:82,-72
2e:75:cb:9f:8d:4d,-74
62:d3:12:97:a4:82,-68
2e:75:cb:9f:8d:4d,-70
62:d3:12:97:a4:82,-68
2e:75:cb:9f:8d:4d,-72
2e:75:cb:9f:8d:4d,-74
62:d3:12:97:a4:82,-74
2e:75:cb:9f:8d:4d,-94
da:a1:19:58:81:07,-78
da:a1:19:58:81:07,-74
da:a1:19:58:81:07,-96
da:a1:19:58:81:07,-96
da:a1:19:58:81:07,-98
da:a1:19:58:81:07,-98
da:a1:19:58:81:07,-98
0e:5f:73:dc:fe:92,-96
0e:5f:73:dc:fe:92,-98
0e:5f:73:dc:fe:92,-76
0e:5f:73:dc:fe:92,-88
0e:5f:73:dc:fe:92,-90
0e:5f:73:dc:fe:92,-96
0e:5f:73:dc:fe:92,-90
0e:5f:73:dc:fe:92,-78
0e:5f:73:dc:fe:92,-84
f0:78:07:c6:f3:55,-98
d2:70:bc:02:b2:6f,-50
d2:70:bc:02:b2:6f,-56
d2:70:bc:02:b2:6f,-56
d2:70:bc:02:b2:6f,-50
92:5d:f2:8d:29:05,-98
06:4d:be:ed:01:0b,-74
06:4d:be:ed:01:0b,-74
c6:d8:e2:5a:24:e4,-68
06:4d:be:ed:01:0b,-74
c6:d8:e2:5a:24:e4,-68
c6:d8:e2:5a:24:e4,-68
06:4d:be:ed:01:0b,-74
c6:d8:e2:5a:24:e4,-62
06:4d:be:ed:01:0b,-68
c6:d8:e2:5a:24:e4,-68
c6:d8:e2:5a:24:e4,-68
c6:d8:e2:5a:24:e4,-74
c6:d8:e2:5a:24:e4,-74
a4:93:3f:61:87:a3,-76
a4:93:3f:61:87:a3,-74
a4:93:3f:61:87:a3,-74
a4:93:3f:61:87:a3,-84
a4:93:3f:61:87:a3,-98
32:11:42:e2:1c:74,-86
32:11:42:e2:1c:74,-88
00:28:f8:3f:cc:8a,-56
00:28:f8:3f:cc:8a,-50
00:28:f8:3f:cc:8a,-50
00:28:f8:3f:cc:8a,-50
00:28:f8:3f:cc:8a,-62
66:e2:10:24:8e:00,-98
98:22:ef:c6:1a:e7,-98
66:e2:10:24:8e:00,-98
98:22:ef:c6:1a:e7,-98
2e:96:e0:0e:c7:f3,-62
2e:96:e0:0e:c7:f3,-56
2e:96:e0:0e:c7:f3,-56
ca:f5:48:a4:c9:c1,-98
2e:96:e0:0e:c7:f3,-50
ca:f5:48:a4:c9:c1,-96
2e:96:e0:0e:c7:f3,-56
ca:f5:48:a4:c9:c1,-90
ee:8c:2f:a4:96:d1,-98
da:a1:19:58:81:07,-74
da:a1:19:58:81:07,-88
da:a1:19:58:81:07,-74
da:a1:19:58:81:07,-98
56:9b:0e:cd:00:91,-96
56:9b:0e:cd:00:91,-98
56:9b:0e:cd:00:91,-98
76:6f:f9:d4:a8:47,-72
32:b3:26:6f:26:52,-86
76:6f:f9:d4:a8:47,-68
76:6f:f9:d4:a8:47,-72
76:6f:f9:d4:a8:47,-72
32:b3:26:6f:26:52,-68
76:6f:f9:d4:a8:47,-74
32:b3:26:6f:26:52,-68
76:6f:f9:d4:a8:47,-74
76:6f:f9:d4:a8:47,-76
32:b3:26:6f:26:52,-74
32:b3:26:6f:26:52,-74
b6:ba:4f:ca:fd:26,-98
b6:ba:4f:ca:fd:26,-74
b6:ba:4f:ca:fd:26,-72
b6:ba:4f:ca:fd:26,-68
86:1c:08:98:3a:78,-72
b6:ba:4f:ca:fd:26,-74
b6:ba:4f:ca:fd:26,-74
86:1c:08:98:3a:78,-68
2e:fb:52:e5:49:76,-68
2e:fb:52:e5:49:76,-68
2e:fb:52:e5:49:76,-62
2e:fb:52:e5:49:76,-56
2e:fb:52:e5:49:76,-68
2e:fb:52:e5:49:76,-68
36:ca:16:20:bd:27,-74
36:ca:16:20:bd:27,-68
36:ca:16:20:bd:27,-64
36:ca:16:20:bd:27,-68
36:ca:16:20:bd:27,-64
36:ca:16:20:bd:27,-74
36:7c:e4:a8:b7:a4,-68
36:7c:e4:a8:b7:a4,-68
2e:96:e0:0e:c7:f3,-56
2e:96:e0:0e:c7:f3,-56
2e:96:e0:0e:c7:f3,-50
2e:96:e0:0e:c7:f3,-50
2e:96:e0:0e:c7:f3,-50
48:f1:7f:64:69:9b,-78
48:f1:7f:64:69:9b,-96
2e:96:e0:0e:c7:f3,-50
48:f1:7f:64:69:9b,-98
9a:51:f9:12:8f:fe,-62
9a:51:f9:12:8f:fe,-62
9a:51:f9:12:8f:fe,-58
9a:51:f9:12:8f:fe,-62
9a:51:f9:12:8f:fe,-68
9a:51:f9:12:8f:fe,-68
7a:47:bb:9a:b4:0c,-98
92:31:1c:49:74:5a,-50
92:31:1c:49:74:5a,-44
92:31:1c:49:74:5a,-50
92:31:1c:49:74:5a,-50
92:31:1c:49:74:5a,-56
dc:53:60:9e:76:e0,-74
dc:53:60:9e:76:e0,-68
dc:53:60:9e:76:e0,-68
c6:a7:3f:0b:2d:65,-88
c6:a7:3f:0b:2d:65,-74
c6:a7:3f:0b:2d:65,-74
c6:a7:3f:0b:2d:65,-74
c6:a7:3f:0b:2d:65,-74
f0:78:07:c6:f3:55,-98
06:a3:2f:c2:59:26,-98
ba:a5:33:f6:d2:e9,-72
ba:a5:33:f6:d2:e9,-72
ba:c6:8a:4f:e7:23,-74
ba:c6:8a:4f:e7:23,-74
ca:cb:7b:bb:dc:8b,-68
ba:c6:8a:4f:e7:23,-78
ca:cb:7b:bb:dc:8b,-68
e8:2a:ea:49:83:1a,-92
e8:2a:ea:49:83:1a,-90
ba:c6:8a:4f:e7:23,-98
b2:8c:fd:91:cd:85,-74
b2:8c:fd:91:cd:85,-68
b2:8c:fd:91:cd:85,-68
b2:8c:fd:91:cd:85,-72
b2:8c:fd:91:cd:85,-74
ea:9e:76:84:83:68,-68
b2:8c:fd:91:cd:85,-74
ea:9e:76:84:83:68,-68
b2:8c:fd:91:cd:85,-98
ea:9e:76:84:83:68,-62
ea:9e:76:84:83:68,-56
ea:9e:76:84:83:68,-56
ea:9e:76:84:83:68,-62
da:a1:19:58:81:07,-62
da:a1:19:58:81:07,-64
da:a1:19:58:81:07,-62
00:28:f8:3f:cc:8a,-44
da:a1:19:58:81:07,-68
00:28:f8:3f:cc:8a,-50
00:28:f8:3f:cc:8a,-44
00:28:f8:3f:cc:8a,-40
00:28:f8:3f:cc:8a,-52
da:a1:19:58:81:07,-74
88:b4:a6:f0:db:8f,-70
da:a1:19:58:81:07,-74
da:a1:19:58:81:07,-74
da:a1:19:58:81:07,-74
da:a1:19:58:81:07,-98
88:b4:a6:27:db:8f,-56
88:b4:a6:27:db:8f,-61
88:b4:a6:de:24:d8,-64
92:7a:77:22:e0:65,-96
92:7a:77:22:e0:65,-74
9a:51:f9:12:8f:fe,-62
9a:51:f9:12:8f:fe,-62
9a:51:f9:12:8f:fe,-56
9a:51:f9:12:8f:fe,-56
9a:51:f9:12:8f:fe,-56
9a:51:f9:12:8f:fe,-74
9e:8d:96:3b:a9:0b,-68
9e:8d:96:3b:a9:0b,-62
9e:8d:96:3b:a9:0b,-68
9e:8d:96:3b:a9:0b,-64
9e:8d:96:3b:a9:0b,-72
98:22:ef:c6:1a:e7,-98
98:22:ef:c6:1a:e7,-98
a4:93:3f:61:87:a3,-74
a4:93:3f:61:87:a3,-88
c2:8b:a3:05:4b:28,-98
3e:0e:a2:24:36:b0,-74
3e:0e:a2:24:36:b0,-72
3e:0e:a2:24:36:b0,-74
3e:0e:a2:24:36:b0,-74
3e:0e:a2:24:36:b0,-90
3e:0e:a2:24:36:b0,-82
0a:9a:d7:ae:b0:01,-88
0a:9a:d7:ae:b0:01,-72
0a:9a:d7:ae:b0:01,-68
0a:9a:d7:ae:b0:01,-68
d2:c5:d8:43:da:59,-62
d2:c5:d8:43:da:59,-56
d2:c5:d8:43:da:59,-56
d2:c5:d8:43:da:59,-56
d2:c5:d8:43:da:59,-56
d2:c5:d8:43:da:59,-56
d2:c5:d8:43:da:59,-62
48:d7:05:b5:19:8f,-98
48:f1:7f:64:69:9b,-68
48:f1:7f:64:69:9b,-68
48:f1:7f:64:69:9b,-68
48:f1:7f:64:69:9b,-74
dc:53:60:9e:76:e0,-74
dc:53:60:9e:76:e0,-68
dc:53:60:9e:76:e0,-68
dc:53:60:9e:76:e0,-74
86:09:dc:89:96:0b,-98
86:09:dc:89:96:0b,-96
86:09:dc:89:96:0b,-74
86:09:dc:89:96:0b,-98
e2:c3:6c:c4:b9:04,-68
e2:c3:6c:c4:b9:04,-62
00:28:f8:3f:cc:8a,-50
00:28:f8:3f:cc:8a,-50
e2:c3:6c:c4:b9:04,-62
00:28:f8:3f:cc:8a,-50
e2:c3:6c:c4:b9:04,-68
00:28:f8:3f:cc:8a,-68
e2:c3:6c:c4:b9:04,-58
e2:c3:6c:c4:b9:04,-56
e2:c3:6c:c4:b9:04,-62
e2:c3:6c:c4:b9:04,-62
e8:2a:ea:49:83:1a,-74
da:a1:19:6b:5d:76,-74
da:a1:19:6b:5d:76,-74
da:a1:19:6b:5d:76,-74
da:a1:19:6b:5d:76,-74
da:a1:19:6b:5d:76,-98
c2:5c:ae:44:22:b0,-76
c2:5c:ae:44:22:b0,-98
12:2f:77:2f:31:18,-62
12:2f:77:2f:31:18,-62
12:2f:77:2f:31:18,-56
12:2f:77:2f:31:18,-56
12:2f:77:2f:31:18,-56
12:2f:77:2f:31:18,-56
12:2f:77:2f:31:18,-56
12:2f:77:2f:31:18,-62
da:a1:19:6b:5d:76,-74
da:a1:19:6b:5d:76,-72
da:a1:19:6b:5d:76,-74
da:a1:19:6b:5d:76,-70
da:a1:19:6b:5d:76,-62
d4:d2:52:e8:07:88,-50
da:a1:19:6b:5d:76,-98
d4:d2:52:e8:07:88,-50
d4:d2:52:e8:07:88,-62
82:66:c0:6d:7c:a4,-68
82:66:c0:6d:7c:a4,-74
82:66:c0:6d:7c:a4,-68
82:66:c0:6d:7c:a4,-74
82:66:c0:6d:7c:a4,-72
82:66:c0:6d:7c:a4,-68
82:66:c0:6d:7c:a4,-62
82:66:c0:6d:7c:a4,-62
82:66:c0:6d:7c:a4,-62
da:a1:19:6b:5d:76,-74
da:a1:19:6b:5d:76,-74
98:22:ef:c6:1a:e7,-98
da:a1:19:6b:5d:76,-68
da:a1:19:6b:5d:76,-68
da:a1:19:6b:5d:76,-68
a4:c4:94:40:a8:e4,-98
0e:31:79:b7:51:6a,-62
0e:31:79:b7:51:6a,-56
30:74:96:e2:25:01,-74
0e:31:79:b7:51:6a,-56
30:74:96:e2:25:01,-74
0e:31:79:b7:51:6a,-50
0e:31:79:b7:51:6a,-50
30:74:96:e2:25:01,-68
0e:31:79:b7:51:6a,-50
0e:31:79:b7:51:6a,-56
30:74:96:e2:25:01,-68
0e:31:79:b7:51:6a,-62
0e:31:79:b7:51:6a,-68
0e:31:79:b7:51:6a,-74
30:74:96:e2:25:01,-44
30:74:96:e2:25:01,-34
30:74:96:e2:25:01,-34
30:74:96:e2:25:01,-30
30:74:96:e2:25:01,-34
8a:51:a4:b0:d3:61,-98
da:a1:19:6b:5d:76,-62
da:a1:19:6b:5d:76,-62
da:a1:19:6b:5d:76,-68
da:a1:19:6b:5d:76,-68
da:a1:19:66:ec:d2,-62
da:a1:19:66:ec:d2,-56
da:a1:19:66:ec:d2,-62
da:a1:19:66:ec:d2,-68
da:a1:19:66:ec:d2,-74
da:a1:19:66:ec:d2,-62
da:a1:19:66:ec:d2,-62
10:4a:7d:6c:0e:5d,-98
10:4a:7d:6c:0e:5d,-98
10:4a:7d:6c:0e:5d,-98
d2:c5:d8:43:da:59,-86
48:f1:7f:64:69:9b,-98
48:f1:7f:64:69:9b,-74
48:f1:7f:64:69:9b,-96
56:f3:0b:70:15:a5,-98
dc:53:60:9e:76:e0,-98
56:4e:80:ff:1b:9d,-84
56:4e:80:ff:1b:9d,-98
56:4e:80:ff:1b:9d,-72
56:4e:80:ff:1b:9d,-74
56:4e:80:ff:1b:9d,-74
56:4e:80:ff:1b:9d,-84
56:4e:80:ff:1b:9d,-74
56:4e:80:ff:1b:9d,-74
00:28:f8:3f:cc:8a,-44
00:28:f8:3f:cc:8a,-50
00:28:f8:3f:cc:8a,-44
00:28:f8:3f:cc:8a,-56
3a:f7:11:81:f0:31,-64
3a:f7:11:81:f0:31,-62
3a:f7:11:81:f0:31,-68
66:3e:37:60:d8:0f,-62
66:3e:37:60:d8:0f,-68
52:9c:3d:c5:55:b2,-98
52:9c:3d:c5:55:b2,-98
6e:aa:81:7a:6f:9d,-56
6e:aa:81:7a:6f:9d,-50
6e:aa:81:7a:6f:9d,-50
6e:aa:81:7a:6f:9d,-54
6e:aa:81:7a:6f:9d,-62
6e:aa:81:7a:6f:9d,-56
24:18:1d:4a:34:9c,-74
24:18:1d:4a:34:9c,-98
da:a1:19:6b:5d:76,-74
da:a1:19:6b:5d:76,-74
da:a1:19:6b:5d:76,-74
da:a1:19:6b:5d:76,-98
e8:2a:ea:49:83:1a,-98
e8:2a:ea:49:83:1a,-98
e6:19:af:33:df:fd,-68
10:4a:7d:6c:0e:5d,-98
10:4a:7d:6c:0e:5d,-98
e6:19:af:33:df:fd,-68
e6:19:af:33:df:fd,-68
e6:19:af:33:df:fd,-74
e6:19:af:33:df:fd,-72
da:a1:19:6b:5d:76,-62
e6:19:af:33:df:fd,-74
da:a1:19:6b:5d:76,-56
da:a1:19:6b:5d:76,-58
da:a1:19:6b:5d:76,-68
2e:75:cb:9f:8d:4d,-68
5e:62:cf:b9:82:e0,-68
2e:75:cb:9f:8d:4d,-68
5e:62:cf:b9:82:e0,-60
2e:75:cb:9f:8d:4d,-74
5e:62:cf:b9:82:e0,-62
5e:62:cf:b9:82:e0,-68
5e:62:cf:b9:82:e0,-68
5e:62:cf:b9:82:e0,-66
5e:62:cf:b9:82:e0,-68
ea:64:b9:47:5c:0a,-98
8a:77:d8:6a:ff:32,-56
8a:77:d8:6a:ff:32,-56
8a:77:d8:6a:ff:32,-56
1a:7a:62:63:29:5f,-98
8a:77:d8:6a:ff:32,-56
8a:77:d8:6a:ff:32,-68
fe:32:13:ce:ca:08,-74
fe:32:13:ce:ca:08,-74
fe:32:13:ce:ca:08,-74
fe:32:13:ce:ca:08,-76
fe:32:13:ce:ca:08,-84
92:ea:ee:91:24:f7,-70
da:a1:19:66:ec:d2,-74
da:a1:19:66:ec:d2,-68
92:ea:ee:91:24:f7,-74
da:a1:19:66:ec:d2,-68
da:a1:19:66:ec:d2,-72
da:a1:19:66:ec:d2,-68
da:a1:19:66:ec:d2,-98
da:a1:19:66:ec:d2,-74
0e:a3:92:5a:f3:ff,-96
0e:a3:92:5a:f3:ff,-90
0e:a3:92:5a:f3:ff,-88
0e:a3:92:5a:f3:ff,-74
0e:a3:92:5a:f3:ff,-84
c6:29:05:b1:da:85,-98
98:22:ef:c6:1a:e7,-98
86:05:58:9a:88:a1,-56
86:05:58:9a:88:a1,-56
06:dc:29:d8:32:06,-74
06:dc:29:d8:32:06,-74
06:dc:29:d8:32:06,-74
ba:da:b8:e1:6f:bf,-74
06:dc:29:d8:32:06,-74
ba:da:b8:e1:6f:bf,-72
06:dc:29:d8:32:06,-72
06:dc:29:d8:32:06,-72
ba:da:b8:e1:6f:bf,-74
06:dc:29:d8:32:06,-68
ba:da:b8:e1:6f:bf,-74
ba:da:b8:e1:6f:bf,-98
96:1c:9a:1a:b0:b6,-72
ee:7a:74:1c:cf:7e,-98
ee:7a:74:1c:cf:7e,-98
12:7a:90:b5:f5:6a,-76
12:7a:90:b5:f5:6a,-74
12:7a:90:b5:f5:6a,-70
12:7a:90:b5:f5:6a,-74
12:7a:90:b5:f5:6a,-74
ee:7a:74:1c:cf:7e,-98
12:7a:90:b5:f5:6a,-74
58:fb:84:59:a7:18,-98
12:7a:90:b5:f5:6a,-86
48:f1:7f:64:69:9b,-68
48:f1:7f:64:69:9b,-74
48:f1:7f:64:69:9b,-68
48:f1:7f:64:69:9b,-74
76:47:c7:38:54:14,-96
28:b2:bd:a8:37:de,-74
28:b2:bd:a8:37:de,-84
28:b2:bd:a8:37:de,-96
28:b2:bd:a8:37:de,-98
46:ed:b5:ac:19:1c,-98
46:ed:b5:ac:19:1c,-74
46:ed:b5:ac:19:1c,-98
46:ed:b5:ac:19:1c,-74
24:41:8c:76:0a:6b,-96
da:a1:19:ba:42:ca,-98
da:a1:19:6b:5d:76,-86
da:a1:19:6b:5d:76,-90
da:a1:19:6b:5d:76,-74
da:a1:19:6b:5d:76,-72
da:a1:19:6b:5d:76,-72
da:a1:19:6b:5d:76,-68
da:a1:19:6b:5d:76,-74
da:a1:19:6b:5d:76,-74
32:90:0d:cd:e2:30,-76
32:90:0d:cd:e2:30,-84
32:90:0d:cd:e2:30,-74
32:90:0d:cd:e2:30,-74
32:90:0d:cd:e2:30,-72
32:90:0d:cd:e2:30,-74
32:90:0d:cd:e2:30,-74
32:90:0d:cd:e2:30,-98
48:d7:05:b5:19:8f,-96
78:4b:87:66:f2:78,-74
78:4b:87:66:f2:78,-86
78:4b:87:66:f2:78,-74
00:28:f8:3f:cc:8a,-56
78:4b:87:66:f2:78,-72
78:4b:87:66:f2:78,-72
00:28:f8:3f:cc:8a,-50
78:4b:87:66:f2:78,-68
00:28:f8:3f:cc:8a,-50
00:28:f8:3f:cc:8a,-50
78:4b:87:66:f2:78,-68
00:28:f8:3f:cc:8a,-68
78:4b:87:66:f2:78,-74
78:4b:87:66:f2:78,-68
b6:ba:4f:ca:fd:26,-68
b6:ba:4f:ca:fd:26,-68
b6:ba:4f:ca:fd:26,-56
b6:ba:4f:ca:fd:26,-56
b6:ba:4f:ca:fd:26,-56
b6:ba:4f:ca:fd:26,-62
e8:2a:ea:49:83:1a,-74
e8:2a:ea:49:83:1a,-84
da:a1:19:6b:5d:76,-62
da:a1:19:6b:5d:76,-56
da:a1:19:6b:5d:76,-56
da:a1:19:6b:5d:76,-62
06:dc:29:d8:32:06,-68
06:dc:29:d8:32:06,-68
06:dc:29:d8:32:06,-62
06:dc:29:d8:32:06,-56
06:dc:29:d8:32:06,-56
06:dc:29:d8:32:06,-62
06:dc:29:d8:32:06,-68
ce:7e:e7:fb:b0:5a,-74
ce:7e:e7:fb:b0:5a,-74
ce:7e:e7:fb:b0:5a,-68
ce:7e:e7:fb:b0:5a,-72
ce:7e:e7:fb:b0:5a,-70
da:a1:19:66:ec:d2,-56
da:a1:19:66:ec:d2,-56
da:a1:19:66:ec:d2,-50
da:a1:19:66:ec:d2,-50
da:a1:19:66:ec:d2,-56
da:a1:19:66:ec:d2,-56
da:a1:19:66:ec:d2,-62
da:a1:19:66:ec:d2,-62
7a:58:cf:b8:fc:7b,-98
7a:58:cf:b8:fc:7b,-84
7a:58:cf:b8:fc:7b,-88
92:31:1c:49:74:5a,-64
92:31:1c:49:74:5a,-68
da:a1:19:f3:ae:d5,-98
da:a1:19:f3:ae:d5,-98
da:a1:19:f3:ae:d5,-98
7a:8e:b1:3f:cb:03,-62
7a:8e:b1:3f:cb:03,-64
f6:4c:74:d6:8b:75,-94
f6:4c:74:d6:8b:75,-74
f6:4c:74:d6:8b:75,-72
f6:4c:74:d6:8b:75,-62
f6:4c:74:d6:8b:75,-68
f6:4c:74:d6:8b:75,-62
20:3c:ae:d0:c9:2c,-98
20:3c:ae:d0:c9:2c,-98
da:a1:19:00:a1:36,-56
da:a1:19:00:a1:36,-56
4a:bc:2c:46:72:ed,-62
4a:bc:2c:46:72:ed,-56
4a:bc:2c:46:72:ed,-62
4a:bc:2c:46:72:ed,-70
48:f1:7f:64:69:9b,-96
48:f1:7f:64:69:9b,-74
9e:8d:96:3b:a9:0b,-62
9e:8d:96:3b:a9:0b,-62
da:a1:19:00:a1:36,-68
da:a1:19:00:a1:36,-62
da:a1:19:00:a1:36,-56
d6:5a:38:5d:94:cb,-68
da:a1:19:00:a1:36,-56
d6:5a:38:5d:94:cb,-68
da:a1:19:00:a1:36,-56
d6:5a:38:5d:94:cb,-68
da:a1:19:00:a1:36,-56
da:a1:19:00:a1:36,-62
d6:5a:38:5d:94:cb,-72
da:a1:19:00:a1:36,-68
d6:5a:38:5d:94:cb,-72
d6:5a:38:5d:94:cb,-68
d6:5a:38:5d:94:cb,-74
f0:78:07:c6:f3:55,-98
f0:78:07:c6:f3:55,-96
f0:78:07:c6:f3:55,-82
00:28:f8:3f:cc:8a,-44
00:28:f8:3f:cc:8a,-50
00:28:f8:3f:cc:8a,-44
00:28:f8:3f:cc:8a,-44
00:28:f8:3f:cc:8a,-56
5a:42:73:44:0a:d8,-70
5a:42:73:44:0a:d8,-62
5a:42:73:44:0a:d8,-58
5a:42:73:44:0a:d8,-62
5a:42:73:44:0a:d8,-58
5a:42:73:44:0a:d8,-56
5a:42:73:44:0a:d8,-62
88:b4:a6:b0:2d:18,-53
88:b4:a6:42:bf:73,-62
88:b4:a6:3e:bb:a6,-68
00:e1:8c:bc:85:db,-82
00:e1:8c:bc:85:db,-96
e8:2a:ea:49:83:1a,-98
6a:ba:28:dc:0c:56,-74
6a:ba:28:dc:0c:56,-68
6a:ba:28:dc:0c:56,-70
6a:ba:28:dc:0c:56,-72
6a:ba:28:dc:0c:56,-68
6a:ba:28:dc:0c:56,-68
6a:ba:28:dc:0c:56,-70
6a:ba:28:dc:0c:56,-68
4a:46:c8:46:b9:37,-90
4a:46:c8:46:b9:37,-98
b8:7b:c5:7a:fd:47,-98
d2:4e:8f:55:46:7b,-74
d2:4e:8f:55:46:7b,-72
d2:4e:8f:55:46:7b,-74
da:a1:19:00:a1:36,-62
da:a1:19:00:a1:36,-62
da:a1:19:00:a1:36,-68
da:a1:19:00:a1:36,-74
da:a1:19:00:a1:36,-74
da:a1:19:00:a1:36,-74
dc:53:60:9e:76:e0,-68
dc:53:60:9e:76:e0,-68
dc:53:60:9e:76:e0,-68
dc:53:60:9e:76:e0,-74
0e:31:79:b7:51:6a,-68
0e:31:79:b7:51:6a,-68
0e:31:79:b7:51:6a,-62
0e:31:79:b7:51:6a,-62
0e:31:79:b7:51:6a,-68
0e:31:79:b7:51:6a,-68
ea:d5:d9:1e:4a:62,-98
0e:31:79:b7:51:6a,-68
0e:31:79:b7:51:6a,-68
0e:31:79:b7:51:6a,-74
0e:31:79:b7:51:6a,-74
42:e2:5f:20:c5:e2,-74
00:28:f8:3f:cc:8a,-56
48:f1:7f:64:69:9b,-68
42:e2:5f:20:c5:e2,-98
42:e2:5f:20:c5:e2,-96
42:e2:5f:20:c5:e2,-76
42:e2:5f:20:c5:e2,-70
00:28:f8:3f:cc:8a,-50
00:28:f8:3f:cc:8a,-44
48:f1:7f:64:69:9b,-74
00:28:f8:3f:cc:8a,-48
42:e2:5f:20:c5:e2,-74
48:f1:7f:64:69:9b,-68
48:f1:7f:64:69:9b,-68
48:f1:7f:64:69:9b,-74
16:c2:8b:bf:73:a1,-98
16:c2:8b:bf:73:a1,-82
16:c2:8b:bf:73:a1,-74
16:c2:8b:bf:73:a1,-74
16:c2:8b:bf:73:a1,-74
16:c2:8b:bf:73:a1,-92
16:c2:8b:bf:73:a1,-94
02:9c:c8:b4:f3:9f,-74
da:a1:19:58:81:07,-74
da:a1:19:58:81:07,-62
da:a1:19:58:81:07,-62
b2:b5:f8:5a:fb:1d,-96
b2:b5:f8:5a:fb:1d,-74
b2:b5:f8:5a:fb:1d,-94
e8:2a:ea:49:83:1a,-90
e8:2a:ea:49:83:1a,-74
e8:2a:ea:49:83:1a,-74
7a:58:cf:b8:fc:7b,-68
da:a1:19:00:a1:36,-68
da:a1:19:00:a1:36,-62
c2:a1:b3:0b:32:5a,-74
c2:a1:b3:0b:32:5a,-68
c2:a1:b3:0b:32:5a,-68
c2:a1:b3:0b:32:5a,-74
c2:a1:b3:0b:32:5a,-74
12:af:4e:93:8a:17,-98
12:af:4e:93:8a:17,-98
fe:e9:c5:0c:93:d0,-56
fe:e9:c5:0c:93:d0,-56
fe:e9:c5:0c:93:d0,-50
fe:e9:c5:0c:93:d0,-56
fe:e9:c5:0c:93:d0,-62
fe:e9:c5:0c:93:d0,-62
da:a1:19:00:a1:36,-68
da:a1:19:00:a1:36,-74
da:a1:19:00:a1:36,-74
10:4a:7d:6b:dd:0c,-98
10:4a:7d:6b:dd:0c,-98
10:4a:7d:6b:dd:0c,-98
10:4a:7d:6b:dd:0c,-98
10:4a:7d:6b:dd:0c,-98
da:a1:19:00:a1:36,-74
da:a1:19:00:a1:36,-74
10:4a:7d:6b:dd:0c,-90
10:4a:7d:6b:dd:0c,-90
10:4a:7d:6b:dd:0c,-98
10:4a:7d:6b:dd:0c,-98
10:4a:7d:6b:dd:0c,-98
da:a1:19:00:a1:36,-74
da:a1:19:00:a1:36,-98
fe:3f:a5:8d:6f:2c,-98
88:b4:a6:0c:e4:9f,-74
88:b4:a6:0c:e4:9f,-74
88:b4:a6:0c:e4:9f,-72
66:3e:37:60:d8:0f,-60
88:b4:a6:0c:e4:9f,-62
66:3e:37:60:d8:0f,-58
66:3e:37:60:d8:0f,-64
88:b4:a6:0c:e4:9f,-62
88:b4:a6:0c:e4:9f,-62
66:3e:37:60:d8:0f,-68
88:b4:a6:0c:e4:9f,-62
88:b4:a6:0c:e4:9f,-62
88:b4:a6:0c:e4:9f,-56
88:b4:a6:0c:e4:9f,-62
88:b4:a6:0c:e4:9f,-62
88:b4:a6:0c:e4:9f,-62
88:b4:a6:0c:e4:9f,-62
88:b4:a6:0c:e4:9f,-62
88:b4:a6:0c:e4:9f,-74
88:b4:a6:0c:e4:9f,-70
88:b4:a6:0c:e4:9f,-74
da:a1:19:66:ec:d2,-68
da:a1:19:66:ec:d2,-68
da:a1:19:66:ec:d2,-68
da:a1:19:66:ec:d2,-68
da:a1:19:66:ec:d2,-68
56:71:5b:0f:d8:de,-98
7e:5c:87:be:45:dc,-98
7e:5c:87:be:45:dc,-96
7e:5c:87:be:45:dc,-88
2e:75:cb:9f:8d:4d,-74
2e:75:cb:9f:8d:4d,-66
16:0c:41:5e:31:df,-98
2e:75:cb:9f:8d:4d,-62
16:0c:41:5e:31:df,-98
7e:75:a5:fd:42:fc,-98
7e:75:a5:fd:42:fc,-98
00:28:f8:3f:cc:8a,-44
a6:e6:ef:df:10:c7,-98
30:75:12:7f:f9:67,-68
30:75:12:7f:f9:67,-64
30:75:12:7f:f9:67,-62
00:28:f8:3f:cc:8a,-50
00:28:f8:3f:cc:8a,-40
30:75:12:7f:f9:67,-68
00:28:f8:3f:cc:8a,-56
30:75:12:7f:f9:67,-68
f0:78:07:c6:f3:55,-98
f0:78:07:c6:f3:55,-98
5a:f2:2d:12:bb:70,-74
5a:f2:2d:12:bb:70,-84
5a:f2:2d:12:bb:70,-68
0a:08:25:58:da:95,-98
0a:08:25:58:da:95,-74
5a:f2:2d:12:bb:70,-72
0a:08:25:58:da:95,-74
da:a1:19:6b:5d:76,-68
da:a1:19:6b:5d:76,-68
5a:f2:2d:12:bb:70,-74
5a:f2:2d:12:bb:70,-74
da:a1:19:6b:5d:76,-68
0a:08:25:58:da:95,-74
5a:f2:2d:12:bb:70,-74
da:a1:19:6b:5d:76,-68
5a:f2:2d:12:bb:70,-74
da:a1:19:6b:5d:76,-68
da:a1:19:6b:5d:76,-68
da:a1:19:6b:5d:76,-74
da:a1:19:6b:5d:76,-74
